[
{
  "model": "accounts.user",
  "pk": 1,
  "fields": {
    "password": "pbkdf2_sha256$1200000$Du1aQjNrGGieZsvHLyjnRx$XwCGeUmM0ejfK6t97dQKefoQXsWkX60J1Wi2nlK3VDA=",
    "last_login": "2026-02-16T12:01:02.843Z",
    "is_superuser": true,
    "uuid": "f93aaf5a-4ffc-46f4-a4c9-d7f119ff4a53",
    "email": "plataformafenix2026@gmail.com",
    "full_name": "Vladimir Marfetan",
    "first_name": "Vladimir",
    "last_name": "Marfetan Morales",
    "phone": "+34649586937",
    "avatar": "",
    "company": "Distribuciones Fenix de la Mancha SL.",
    "telefono_empresa": "+34649586937",
    "telefono_reparto": "+34649586937",
    "direccion_local": "C. de Extremadura 1",
    "ciudad": "Arroyomolinos",
    "provincia": "Madrid",
    "codigo_postal": "28939",
    "pais": "España",
    "tipo_entrega": "envio",
    "direccion_entrega": "C. de Extremadura 1",
    "ciudad_entrega": "Arroyomolinos",
    "provincia_entrega": "Madrid",
    "codigo_postal_entrega": "28939",
    "ventana_entrega": "",
    "observaciones_entrega": "",
    "items_count": 0,
    "profile_completed": true,
    "role": "super_admin",
    "language": "es",
    "timezone": "Europe/Madrid",
    "status": "active",
    "email_verified": true,
    "pending_approval": false,
    "is_active": true,
    "is_staff": true,
    "date_joined": "2026-01-25T08:06:09.615Z",
    "updated_at": "2026-02-16T11:44:11.080Z",
    "last_login_at": "2026-02-16T12:06:35.862Z",
    "last_login_ip": "127.0.0.1",
    "approved_by": null,
    "approved_at": null,
    "groups": [],
    "user_permissions": []
  }
},
{
  "model": "accounts.user",
  "pk": 2,
  "fields": {
    "password": "pbkdf2_sha256$1200000$0MaASgKA1kICX2YBgpxqGV$sRpOgk0cHIm0ODmYSiTjMTxR/gws08kfhM2KinWfPZ8=",
    "last_login": "2026-02-16T09:26:39.798Z",
    "is_superuser": false,
    "uuid": "f93aaf5a-4ffc-46f4-a4c9-d7f119ff4a53",
    "email": "vmarfetanmorales@gmail.com",
    "full_name": "Vladi",
    "first_name": "Vladimir",
    "last_name": "Marfetan M",
    "phone": "",
    "avatar": "",
    "company": "Synerg-IA",
    "telefono_empresa": "",
    "telefono_reparto": "",
    "direccion_local": "",
    "ciudad": "",
    "provincia": "",
    "codigo_postal": "",
    "pais": "España",
    "tipo_entrega": "",
    "direccion_entrega": "",
    "ciudad_entrega": "",
    "provincia_entrega": "",
    "codigo_postal_entrega": "",
    "ventana_entrega": "",
    "observaciones_entrega": "",
    "items_count": 0,
    "profile_completed": false,
    "role": "user",
    "language": "es",
    "timezone": "Europe/Madrid",
    "status": "active",
    "email_verified": true,
    "pending_approval": false,
    "is_active": true,
    "is_staff": false,
    "date_joined": "2026-02-03T17:51:05.680Z",
    "updated_at": "2026-02-16T11:07:37.406Z",
    "last_login_at": "2026-02-16T09:32:28.296Z",
    "last_login_ip": "127.0.0.1",
    "approved_by": 1,
    "approved_at": "2026-02-16T11:07:37.406Z",
    "groups": [],
    "user_permissions": []
  }
},
{
  "model": "accounts.user",
  "pk": 3,
  "fields": {
    "password": "pbkdf2_sha256$1200000$rueCPeLCGShqSxxB7XUoO6$y8SgG8dW0e2oQCGVSH8NU0avmaQHun5D9/YQFMAo5BM=",
    "last_login": null,
    "is_superuser": false,
    "uuid": "afe19709-52d4-4419-991f-3407b2f8faae",
    "email": "vladimir.marfetan@gmail.com",
    "full_name": "Vladimir",
    "first_name": "Vladimir",
    "last_name": "Marfetan",
    "phone": "",
    "avatar": "",
    "company": "Grupo Solutio test",
    "telefono_empresa": "",
    "telefono_reparto": "",
    "direccion_local": "",
    "ciudad": "",
    "provincia": "",
    "codigo_postal": "",
    "pais": "España",
    "tipo_entrega": "",
    "direccion_entrega": "",
    "ciudad_entrega": "",
    "provincia_entrega": "",
    "codigo_postal_entrega": "",
    "ventana_entrega": "",
    "observaciones_entrega": "",
    "items_count": 0,
    "profile_completed": false,
    "role": "user",
    "language": "es",
    "timezone": "Europe/Madrid",
    "status": "active",
    "email_verified": true,
    "pending_approval": false,
    "is_active": true,
    "is_staff": false,
    "date_joined": "2026-02-14T00:05:16.467Z",
    "updated_at": "2026-02-16T11:06:21.843Z",
    "last_login_at": null,
    "last_login_ip": null,
    "approved_by": 1,
    "approved_at": "2026-02-14T01:05:06.637Z",
    "groups": [],
    "user_permissions": []
  }
},
{
  "model": "accounts.emailverificationtoken",
  "pk": 1,
  "fields": {
    "user": 3,
    "token": "3b6c76de-0b68-48e7-8d4c-dcd1a8407368",
    "created_at": "2026-02-14T00:05:16.506Z",
    "expires_at": "2026-02-15T00:05:16.506Z",
    "is_used": false
  }
},
{
  "model": "accounts.userpreferences",
  "pk": 1,
  "fields": {
    "user": 1,
    "theme": "system",
    "language": "es",
    "timezone": "Europe/Madrid",
    "email_notifications": true,
    "platform_notifications": true,
    "marketing_emails": false,
    "ai_language": "es",
    "ai_detail_level": "medium",
    "ai_format": "structured",
    "created_at": "2026-02-04T22:10:41.233Z",
    "updated_at": "2026-02-04T22:10:41.233Z"
  }
},
{
  "model": "accounts.userpreferences",
  "pk": 2,
  "fields": {
    "user": 2,
    "theme": "system",
    "language": "es",
    "timezone": "Europe/Madrid",
    "email_notifications": true,
    "platform_notifications": true,
    "marketing_emails": false,
    "ai_language": "es",
    "ai_detail_level": "medium",
    "ai_format": "structured",
    "created_at": "2026-02-09T10:21:41.714Z",
    "updated_at": "2026-02-09T10:21:41.714Z"
  }
},
{
  "model": "accounts.userpreferences",
  "pk": 3,
  "fields": {
    "user": 3,
    "theme": "system",
    "language": "es",
    "timezone": "Europe/Madrid",
    "email_notifications": true,
    "platform_notifications": true,
    "marketing_emails": false,
    "ai_language": "es",
    "ai_detail_level": "medium",
    "ai_format": "structured",
    "created_at": "2026-02-16T10:35:42.115Z",
    "updated_at": "2026-02-16T10:35:42.115Z"
  }
},
{
  "model": "accounts.securitysettings",
  "pk": 1,
  "fields": {
    "user": 1,
    "two_factor_enabled": true,
    "two_factor_method": "totp",
    "two_factor_secret": "LHU3_0WAbKCGc2Ffptv_hSFKXRkBltoZ794pm4_T1oc",
    "api_token": "XaVfrt9CJiMT0PMWVNhK7TzSTfZs_pUvNuRaF9GB7qw",
    "api_token_created_at": "2026-02-08T02:33:34.169Z",
    "api_token_last_used": null,
    "max_concurrent_sessions": 3,
    "session_timeout_minutes": 60,
    "password_changed_at": null,
    "password_expires_at": null,
    "created_at": "2026-02-04T22:10:41.240Z",
    "updated_at": "2026-02-08T02:33:34.169Z"
  }
},
{
  "model": "accounts.securitysettings",
  "pk": 2,
  "fields": {
    "user": 2,
    "two_factor_enabled": false,
    "two_factor_method": "",
    "two_factor_secret": "",
    "api_token": "",
    "api_token_created_at": null,
    "api_token_last_used": null,
    "max_concurrent_sessions": 3,
    "session_timeout_minutes": 60,
    "password_changed_at": null,
    "password_expires_at": null,
    "created_at": "2026-02-09T10:21:41.722Z",
    "updated_at": "2026-02-09T10:21:41.722Z"
  }
},
{
  "model": "accounts.usersession",
  "pk": 1,
  "fields": {
    "user": 1,
    "session_key": "dety44lpadc6pn5i6at8mnztbe9wlt79",
    "ip_address": "127.0.0.1",
    "user_agent": "Mozilla/5.0 (Windows NT 10.0; Win64; x64) AppleWebKit/537.36 (KHTML, like Gecko) Chrome/144.0.0.0 Safari/537.36",
    "device_type": "desktop",
    "browser": "Chrome",
    "os": "Windows",
    "is_active": false,
    "created_at": "2026-02-04T21:53:05.500Z",
    "last_activity": "2026-02-04T21:53:44.289Z",
    "expires_at": "2026-02-05T21:53:44.288Z"
  }
},
{
  "model": "accounts.usersession",
  "pk": 2,
  "fields": {
    "user": 1,
    "session_key": "gfbks98mwd253znfuz6yjczyomm0g47v",
    "ip_address": "127.0.0.1",
    "user_agent": "Mozilla/5.0 (Windows NT 10.0; Win64; x64) AppleWebKit/537.36 (KHTML, like Gecko) Chrome/144.0.0.0 Safari/537.36",
    "device_type": "desktop",
    "browser": "Chrome",
    "os": "Windows",
    "is_active": false,
    "created_at": "2026-02-04T22:03:01.446Z",
    "last_activity": "2026-02-04T22:04:44.392Z",
    "expires_at": "2026-02-05T22:04:44.391Z"
  }
},
{
  "model": "accounts.usersession",
  "pk": 3,
  "fields": {
    "user": 2,
    "session_key": "2l8lo928z4lumte5ibhdc670g3b2ju2x",
    "ip_address": "127.0.0.1",
    "user_agent": "Mozilla/5.0 (Windows NT 10.0; Win64; x64) AppleWebKit/537.36 (KHTML, like Gecko) Chrome/144.0.0.0 Safari/537.36",
    "device_type": "desktop",
    "browser": "Chrome",
    "os": "Windows",
    "is_active": true,
    "created_at": "2026-02-04T22:04:55.826Z",
    "last_activity": "2026-02-04T22:05:01.440Z",
    "expires_at": "2026-02-05T22:05:01.439Z"
  }
},
{
  "model": "accounts.usersession",
  "pk": 4,
  "fields": {
    "user": 1,
    "session_key": "i45s7bx7ch3pggcybucsbo02awgi3ix9",
    "ip_address": "127.0.0.1",
    "user_agent": "Mozilla/5.0 (Windows NT 10.0; Win64; x64) AppleWebKit/537.36 (KHTML, like Gecko) Chrome/144.0.0.0 Safari/537.36",
    "device_type": "desktop",
    "browser": "Chrome",
    "os": "Windows",
    "is_active": false,
    "created_at": "2026-02-04T22:05:09.053Z",
    "last_activity": "2026-02-04T22:31:09.576Z",
    "expires_at": "2026-02-05T22:31:09.575Z"
  }
},
{
  "model": "accounts.usersession",
  "pk": 5,
  "fields": {
    "user": 1,
    "session_key": "8kx7sb9qgzpw346t6cez5npivki9q03f",
    "ip_address": "127.0.0.1",
    "user_agent": "Mozilla/5.0 (Windows NT 10.0; Win64; x64) AppleWebKit/537.36 (KHTML, like Gecko) Chrome/144.0.0.0 Safari/537.36",
    "device_type": "desktop",
    "browser": "Chrome",
    "os": "Windows",
    "is_active": false,
    "created_at": "2026-02-04T22:10:41.212Z",
    "last_activity": "2026-02-04T22:39:16.899Z",
    "expires_at": "2026-02-05T22:39:16.898Z"
  }
},
{
  "model": "accounts.usersession",
  "pk": 6,
  "fields": {
    "user": 1,
    "session_key": "mmh0f4kwlnx28heta498ztb1ugn1bxai",
    "ip_address": "127.0.0.1",
    "user_agent": "Mozilla/5.0 (Windows NT 10.0; Win64; x64) AppleWebKit/537.36 (KHTML, like Gecko) Chrome/144.0.0.0 Safari/537.36",
    "device_type": "desktop",
    "browser": "Chrome",
    "os": "Windows",
    "is_active": false,
    "created_at": "2026-02-04T22:39:31.232Z",
    "last_activity": "2026-02-05T11:22:11.873Z",
    "expires_at": "2026-02-06T11:22:11.871Z"
  }
},
{
  "model": "accounts.usersession",
  "pk": 7,
  "fields": {
    "user": 1,
    "session_key": "goca6raj02224mt02uey0xczlthgcu4k",
    "ip_address": "127.0.0.1",
    "user_agent": "Mozilla/5.0 (Windows NT 10.0; Win64; x64) AppleWebKit/537.36 (KHTML, like Gecko) Chrome/144.0.0.0 Safari/537.36",
    "device_type": "desktop",
    "browser": "Chrome",
    "os": "Windows",
    "is_active": false,
    "created_at": "2026-02-05T11:15:19.537Z",
    "last_activity": "2026-02-05T11:40:46.150Z",
    "expires_at": "2026-02-06T11:40:46.148Z"
  }
},
{
  "model": "accounts.usersession",
  "pk": 8,
  "fields": {
    "user": 1,
    "session_key": "kxiuv1b8bln772u0tcytoqs2kykmqoe9",
    "ip_address": "127.0.0.1",
    "user_agent": "Mozilla/5.0 (Windows NT 10.0; Win64; x64) AppleWebKit/537.36 (KHTML, like Gecko) Chrome/144.0.0.0 Safari/537.36 Edg/144.0.0.0",
    "device_type": "desktop",
    "browser": "Edge",
    "os": "Windows",
    "is_active": false,
    "created_at": "2026-02-05T11:22:36.923Z",
    "last_activity": "2026-02-05T11:22:36.923Z",
    "expires_at": "2026-02-06T11:22:36.921Z"
  }
},
{
  "model": "accounts.usersession",
  "pk": 9,
  "fields": {
    "user": 1,
    "session_key": "bv6e3eespk4ftejvbk399otq02tnpzha",
    "ip_address": "127.0.0.1",
    "user_agent": "Mozilla/5.0 (Windows NT 10.0; Win64; x64) AppleWebKit/537.36 (KHTML, like Gecko) Chrome/144.0.0.0 Safari/537.36",
    "device_type": "desktop",
    "browser": "Chrome",
    "os": "Windows",
    "is_active": false,
    "created_at": "2026-02-05T12:11:19.487Z",
    "last_activity": "2026-02-06T10:05:43.539Z",
    "expires_at": "2026-02-07T10:05:43.534Z"
  }
},
{
  "model": "accounts.usersession",
  "pk": 10,
  "fields": {
    "user": 1,
    "session_key": "oewcokosi4f0xnxfdxzmh7ykhp5dn1x2",
    "ip_address": "127.0.0.1",
    "user_agent": "Mozilla/5.0 (Windows NT 10.0; Win64; x64) AppleWebKit/537.36 (KHTML, like Gecko) Chrome/144.0.0.0 Safari/537.36",
    "device_type": "desktop",
    "browser": "Chrome",
    "os": "Windows",
    "is_active": false,
    "created_at": "2026-02-06T10:06:00.830Z",
    "last_activity": "2026-02-06T10:07:49.143Z",
    "expires_at": "2026-02-07T10:07:49.141Z"
  }
},
{
  "model": "accounts.usersession",
  "pk": 11,
  "fields": {
    "user": 1,
    "session_key": "y8fd4hrx4jpl4juwuy27yrnqc80lt8i7",
    "ip_address": "127.0.0.1",
    "user_agent": "Mozilla/5.0 (Windows NT 10.0; Win64; x64) AppleWebKit/537.36 (KHTML, like Gecko) Chrome/144.0.0.0 Safari/537.36",
    "device_type": "desktop",
    "browser": "Chrome",
    "os": "Windows",
    "is_active": true,
    "created_at": "2026-02-08T00:00:14.848Z",
    "last_activity": "2026-02-10T18:14:40.753Z",
    "expires_at": "2026-02-11T18:14:40.751Z"
  }
},
{
  "model": "accounts.usersession",
  "pk": 12,
  "fields": {
    "user": 1,
    "session_key": "vtpvvzd4bxlsy3narobu2zes0tlcctqb",
    "ip_address": "127.0.0.1",
    "user_agent": "Mozilla/5.0 (Windows NT 10.0; Win64; x64) AppleWebKit/537.36 (KHTML, like Gecko) Chrome/144.0.0.0 Safari/537.36",
    "device_type": "desktop",
    "browser": "Chrome",
    "os": "Windows",
    "is_active": false,
    "created_at": "2026-02-08T00:07:09.625Z",
    "last_activity": "2026-02-08T00:32:47.046Z",
    "expires_at": "2026-02-09T00:32:47.042Z"
  }
},
{
  "model": "accounts.usersession",
  "pk": 13,
  "fields": {
    "user": 1,
    "session_key": "qdmgt1vjw341v71rxtg9sh87tletqgup",
    "ip_address": "127.0.0.1",
    "user_agent": "Mozilla/5.0 (Windows NT 10.0; Win64; x64) AppleWebKit/537.36 (KHTML, like Gecko) Chrome/144.0.0.0 Safari/537.36",
    "device_type": "desktop",
    "browser": "Chrome",
    "os": "Windows",
    "is_active": false,
    "created_at": "2026-02-08T00:32:59.414Z",
    "last_activity": "2026-02-08T01:29:31.423Z",
    "expires_at": "2026-02-09T01:29:31.421Z"
  }
},
{
  "model": "accounts.usersession",
  "pk": 14,
  "fields": {
    "user": 1,
    "session_key": "v6rn39bvjqjbcjzzass7cluc3ratsf3d",
    "ip_address": "127.0.0.1",
    "user_agent": "Mozilla/5.0 (Windows NT 10.0; Win64; x64) AppleWebKit/537.36 (KHTML, like Gecko) Chrome/144.0.0.0 Safari/537.36",
    "device_type": "desktop",
    "browser": "Chrome",
    "os": "Windows",
    "is_active": false,
    "created_at": "2026-02-08T01:30:02.631Z",
    "last_activity": "2026-02-08T01:34:03.317Z",
    "expires_at": "2026-02-09T01:34:03.315Z"
  }
},
{
  "model": "accounts.usersession",
  "pk": 15,
  "fields": {
    "user": 1,
    "session_key": "mi9umkzla1s2l655lf8d0md1lnauj6ps",
    "ip_address": "127.0.0.1",
    "user_agent": "Mozilla/5.0 (Windows NT 10.0; Win64; x64) AppleWebKit/537.36 (KHTML, like Gecko) Chrome/144.0.0.0 Safari/537.36",
    "device_type": "desktop",
    "browser": "Chrome",
    "os": "Windows",
    "is_active": false,
    "created_at": "2026-02-08T01:34:09.759Z",
    "last_activity": "2026-02-08T01:34:17.591Z",
    "expires_at": "2026-02-09T01:34:17.588Z"
  }
},
{
  "model": "accounts.usersession",
  "pk": 16,
  "fields": {
    "user": 1,
    "session_key": "64b3mi24condcemk0bjehrfrc5ih826h",
    "ip_address": "127.0.0.1",
    "user_agent": "Mozilla/5.0 (Windows NT 10.0; Win64; x64) AppleWebKit/537.36 (KHTML, like Gecko) Chrome/144.0.0.0 Safari/537.36",
    "device_type": "desktop",
    "browser": "Chrome",
    "os": "Windows",
    "is_active": false,
    "created_at": "2026-02-08T01:34:23.173Z",
    "last_activity": "2026-02-08T01:37:12.637Z",
    "expires_at": "2026-02-09T01:37:12.634Z"
  }
},
{
  "model": "accounts.usersession",
  "pk": 17,
  "fields": {
    "user": 1,
    "session_key": "wd9jmdy99aud8q0njpv75eg402vt6tts",
    "ip_address": "127.0.0.1",
    "user_agent": "Mozilla/5.0 (Windows NT 10.0; Win64; x64) AppleWebKit/537.36 (KHTML, like Gecko) Chrome/144.0.0.0 Safari/537.36",
    "device_type": "desktop",
    "browser": "Chrome",
    "os": "Windows",
    "is_active": false,
    "created_at": "2026-02-08T01:37:22.083Z",
    "last_activity": "2026-02-08T01:48:46.509Z",
    "expires_at": "2026-02-09T01:48:46.506Z"
  }
},
{
  "model": "accounts.usersession",
  "pk": 18,
  "fields": {
    "user": 1,
    "session_key": "0tlvw8qg906aofkgki96suqugxr7z7z4",
    "ip_address": "127.0.0.1",
    "user_agent": "Mozilla/5.0 (Windows NT 10.0; Win64; x64) AppleWebKit/537.36 (KHTML, like Gecko) Chrome/144.0.0.0 Safari/537.36",
    "device_type": "desktop",
    "browser": "Chrome",
    "os": "Windows",
    "is_active": false,
    "created_at": "2026-02-08T01:48:59.492Z",
    "last_activity": "2026-02-08T02:26:06.945Z",
    "expires_at": "2026-02-09T02:26:06.944Z"
  }
},
{
  "model": "accounts.usersession",
  "pk": 19,
  "fields": {
    "user": 1,
    "session_key": "lc4qowmhqx03jy9cnwoovnf0ha9t5r05",
    "ip_address": "127.0.0.1",
    "user_agent": "Mozilla/5.0 (Windows NT 10.0; Win64; x64) AppleWebKit/537.36 (KHTML, like Gecko) Chrome/144.0.0.0 Safari/537.36",
    "device_type": "desktop",
    "browser": "Chrome",
    "os": "Windows",
    "is_active": true,
    "created_at": "2026-02-08T02:26:11.407Z",
    "last_activity": "2026-02-08T02:33:52.571Z",
    "expires_at": "2026-02-09T02:33:52.569Z"
  }
},
{
  "model": "accounts.usersession",
  "pk": 20,
  "fields": {
    "user": 1,
    "session_key": "35feqhi0e8ujfz3q4qh3wdb2kh71e0p0",
    "ip_address": "127.0.0.1",
    "user_agent": "Mozilla/5.0 (Windows NT 10.0; Win64; x64) AppleWebKit/537.36 (KHTML, like Gecko) Chrome/144.0.0.0 Safari/537.36",
    "device_type": "desktop",
    "browser": "Chrome",
    "os": "Windows",
    "is_active": true,
    "created_at": "2026-02-08T02:33:58.579Z",
    "last_activity": "2026-02-08T02:49:16.361Z",
    "expires_at": "2026-02-09T02:49:16.360Z"
  }
},
{
  "model": "accounts.usersession",
  "pk": 21,
  "fields": {
    "user": 1,
    "session_key": "5q00meyroe8x19jp59e4oxqtd5xmebi0",
    "ip_address": "127.0.0.1",
    "user_agent": "Mozilla/5.0 (Windows NT 10.0; Win64; x64) AppleWebKit/537.36 (KHTML, like Gecko) Chrome/144.0.0.0 Safari/537.36",
    "device_type": "desktop",
    "browser": "Chrome",
    "os": "Windows",
    "is_active": true,
    "created_at": "2026-02-08T02:49:25.674Z",
    "last_activity": "2026-02-08T19:56:14.700Z",
    "expires_at": "2026-02-09T19:56:14.698Z"
  }
},
{
  "model": "accounts.usersession",
  "pk": 22,
  "fields": {
    "user": 1,
    "session_key": "i8tea6av8f6p1xgxi5yeuawao6e2rp8r",
    "ip_address": "127.0.0.1",
    "user_agent": "Mozilla/5.0 (Windows NT 10.0; Win64; x64) AppleWebKit/537.36 (KHTML, like Gecko) Chrome/144.0.0.0 Safari/537.36",
    "device_type": "desktop",
    "browser": "Chrome",
    "os": "Windows",
    "is_active": true,
    "created_at": "2026-02-08T21:16:41.498Z",
    "last_activity": "2026-02-08T23:15:17.693Z",
    "expires_at": "2026-02-09T23:15:17.692Z"
  }
},
{
  "model": "accounts.usersession",
  "pk": 23,
  "fields": {
    "user": 2,
    "session_key": "f3edsgd6y402kn5pc3wwn3gi62cweq68",
    "ip_address": "127.0.0.1",
    "user_agent": "",
    "device_type": "desktop",
    "browser": "Other",
    "os": "Other",
    "is_active": true,
    "created_at": "2026-02-09T00:15:03.168Z",
    "last_activity": "2026-02-09T00:15:03.168Z",
    "expires_at": "2026-02-10T00:15:03.166Z"
  }
},
{
  "model": "accounts.usersession",
  "pk": 24,
  "fields": {
    "user": 2,
    "session_key": "kn3hd8gouse4xtyy6qjhifiey7pdwx75",
    "ip_address": "127.0.0.1",
    "user_agent": "",
    "device_type": "desktop",
    "browser": "Other",
    "os": "Other",
    "is_active": true,
    "created_at": "2026-02-09T00:15:29.486Z",
    "last_activity": "2026-02-09T00:15:29.486Z",
    "expires_at": "2026-02-10T00:15:29.484Z"
  }
},
{
  "model": "accounts.usersession",
  "pk": 25,
  "fields": {
    "user": 2,
    "session_key": "01mpsrthda0561ssr4lk78mcpg9b5oa5",
    "ip_address": "127.0.0.1",
    "user_agent": "Mozilla/5.0 (Windows NT 10.0; Win64; x64) AppleWebKit/537.36 (KHTML, like Gecko) Chrome/144.0.0.0 Safari/537.36",
    "device_type": "desktop",
    "browser": "Chrome",
    "os": "Windows",
    "is_active": true,
    "created_at": "2026-02-09T10:21:34.912Z",
    "last_activity": "2026-02-09T10:53:43.984Z",
    "expires_at": "2026-02-10T10:53:43.982Z"
  }
},
{
  "model": "accounts.usersession",
  "pk": 26,
  "fields": {
    "user": 1,
    "session_key": "c7srmj88kx5i3jzx7wi4eets20jlecbo",
    "ip_address": "127.0.0.1",
    "user_agent": "Mozilla/5.0 (Windows NT 10.0; Win64; x64) AppleWebKit/537.36 (KHTML, like Gecko) Chrome/144.0.0.0 Safari/537.36",
    "device_type": "desktop",
    "browser": "Chrome",
    "os": "Windows",
    "is_active": true,
    "created_at": "2026-02-09T10:53:52.876Z",
    "last_activity": "2026-02-09T12:08:39.916Z",
    "expires_at": "2026-02-10T12:08:39.910Z"
  }
},
{
  "model": "accounts.usersession",
  "pk": 27,
  "fields": {
    "user": 1,
    "session_key": "shimbv44kd42cvocj5ukm1knqq9bodr8",
    "ip_address": "127.0.0.1",
    "user_agent": "Mozilla/5.0 (Windows NT 10.0; Win64; x64) AppleWebKit/537.36 (KHTML, like Gecko) Chrome/144.0.0.0 Safari/537.36",
    "device_type": "desktop",
    "browser": "Chrome",
    "os": "Windows",
    "is_active": true,
    "created_at": "2026-02-09T12:11:31.697Z",
    "last_activity": "2026-02-09T12:22:23.026Z",
    "expires_at": "2026-02-10T12:22:23.025Z"
  }
},
{
  "model": "accounts.usersession",
  "pk": 28,
  "fields": {
    "user": 1,
    "session_key": "g18vo7bellk3lyko9bdn9y1h6svqzsp7",
    "ip_address": "127.0.0.1",
    "user_agent": "Mozilla/5.0 (Windows NT 10.0; Win64; x64) AppleWebKit/537.36 (KHTML, like Gecko) Chrome/144.0.0.0 Safari/537.36",
    "device_type": "desktop",
    "browser": "Chrome",
    "os": "Windows",
    "is_active": true,
    "created_at": "2026-02-09T12:22:29.763Z",
    "last_activity": "2026-02-09T12:26:46.784Z",
    "expires_at": "2026-02-10T12:26:46.782Z"
  }
},
{
  "model": "accounts.usersession",
  "pk": 29,
  "fields": {
    "user": 1,
    "session_key": "so17zr0fjjjehf49lb651s7vb9n7g2md",
    "ip_address": "127.0.0.1",
    "user_agent": "Mozilla/5.0 (Windows NT 10.0; Win64; x64) AppleWebKit/537.36 (KHTML, like Gecko) Chrome/144.0.0.0 Safari/537.36",
    "device_type": "desktop",
    "browser": "Chrome",
    "os": "Windows",
    "is_active": true,
    "created_at": "2026-02-10T18:15:11.093Z",
    "last_activity": "2026-02-10T18:15:24.794Z",
    "expires_at": "2026-02-11T18:15:24.793Z"
  }
},
{
  "model": "accounts.usersession",
  "pk": 30,
  "fields": {
    "user": 1,
    "session_key": "lkxy23wsobkj4z2yq3phjxk34hjwepam",
    "ip_address": "127.0.0.1",
    "user_agent": "Mozilla/5.0 (Windows NT 10.0; Win64; x64) AppleWebKit/537.36 (KHTML, like Gecko) Chrome/144.0.0.0 Safari/537.36",
    "device_type": "desktop",
    "browser": "Chrome",
    "os": "Windows",
    "is_active": true,
    "created_at": "2026-02-10T18:26:32.902Z",
    "last_activity": "2026-02-10T18:27:01.626Z",
    "expires_at": "2026-02-11T18:27:01.624Z"
  }
},
{
  "model": "accounts.usersession",
  "pk": 31,
  "fields": {
    "user": 1,
    "session_key": "o2bavd9bgci1f2k4r65nqowx9o4b4a64",
    "ip_address": "127.0.0.1",
    "user_agent": "Mozilla/5.0 (Windows NT 10.0; Win64; x64) AppleWebKit/537.36 (KHTML, like Gecko) Chrome/144.0.0.0 Safari/537.36",
    "device_type": "desktop",
    "browser": "Chrome",
    "os": "Windows",
    "is_active": true,
    "created_at": "2026-02-10T18:27:29.479Z",
    "last_activity": "2026-02-10T18:35:49.720Z",
    "expires_at": "2026-02-11T18:35:49.717Z"
  }
},
{
  "model": "accounts.usersession",
  "pk": 32,
  "fields": {
    "user": 1,
    "session_key": "lvpgh52kk3exzxpd49n3q9uirhado90z",
    "ip_address": "127.0.0.1",
    "user_agent": "Mozilla/5.0 (Windows NT 10.0; Win64; x64) AppleWebKit/537.36 (KHTML, like Gecko) Chrome/144.0.0.0 Safari/537.36",
    "device_type": "desktop",
    "browser": "Chrome",
    "os": "Windows",
    "is_active": true,
    "created_at": "2026-02-11T13:59:29.811Z",
    "last_activity": "2026-02-11T14:01:47.315Z",
    "expires_at": "2026-02-12T14:01:47.314Z"
  }
},
{
  "model": "accounts.usersession",
  "pk": 33,
  "fields": {
    "user": 1,
    "session_key": "x6k4gj8qmbg2nqsz1hwgridivikx12zw",
    "ip_address": "127.0.0.1",
    "user_agent": "Mozilla/5.0 (Windows NT 10.0; Win64; x64) AppleWebKit/537.36 (KHTML, like Gecko) Chrome/144.0.0.0 Safari/537.36",
    "device_type": "desktop",
    "browser": "Chrome",
    "os": "Windows",
    "is_active": true,
    "created_at": "2026-02-11T14:05:14.247Z",
    "last_activity": "2026-02-12T14:45:22.258Z",
    "expires_at": "2026-02-13T14:45:22.256Z"
  }
},
{
  "model": "accounts.usersession",
  "pk": 34,
  "fields": {
    "user": 1,
    "session_key": "1ql0dxgpoz89fxfu4esyzqkc1meav2dv",
    "ip_address": "127.0.0.1",
    "user_agent": "Mozilla/5.0 (Windows NT 10.0; Win64; x64) AppleWebKit/537.36 (KHTML, like Gecko) Chrome/144.0.0.0 Safari/537.36",
    "device_type": "desktop",
    "browser": "Chrome",
    "os": "Windows",
    "is_active": true,
    "created_at": "2026-02-12T14:46:44.754Z",
    "last_activity": "2026-02-12T14:49:00.254Z",
    "expires_at": "2026-02-13T14:49:00.253Z"
  }
},
{
  "model": "accounts.usersession",
  "pk": 35,
  "fields": {
    "user": 1,
    "session_key": "663sjm1z1v0wxhwild76if4y5acffrfc",
    "ip_address": "127.0.0.1",
    "user_agent": "Mozilla/5.0 (Windows NT 10.0; Win64; x64) AppleWebKit/537.36 (KHTML, like Gecko) Chrome/144.0.0.0 Safari/537.36",
    "device_type": "desktop",
    "browser": "Chrome",
    "os": "Windows",
    "is_active": true,
    "created_at": "2026-02-12T14:49:12.432Z",
    "last_activity": "2026-02-13T11:04:06.999Z",
    "expires_at": "2026-02-14T11:04:06.998Z"
  }
},
{
  "model": "accounts.usersession",
  "pk": 36,
  "fields": {
    "user": 1,
    "session_key": "ysekxazuwt6lh6ytxqdlgvesh115ebg4",
    "ip_address": "127.0.0.1",
    "user_agent": "Mozilla/5.0 (Windows NT 10.0; Win64; x64) AppleWebKit/537.36 (KHTML, like Gecko) Chrome/144.0.0.0 Safari/537.36",
    "device_type": "desktop",
    "browser": "Chrome",
    "os": "Windows",
    "is_active": true,
    "created_at": "2026-02-13T11:06:12.103Z",
    "last_activity": "2026-02-13T11:11:14.486Z",
    "expires_at": "2026-02-14T11:11:14.485Z"
  }
},
{
  "model": "accounts.usersession",
  "pk": 37,
  "fields": {
    "user": 1,
    "session_key": "u3yxz5eqt4tsdl5fb7pjfni2lci0wfrl",
    "ip_address": "127.0.0.1",
    "user_agent": "Mozilla/5.0 (Windows NT 10.0; Win64; x64) AppleWebKit/537.36 (KHTML, like Gecko) Chrome/144.0.0.0 Safari/537.36",
    "device_type": "desktop",
    "browser": "Chrome",
    "os": "Windows",
    "is_active": true,
    "created_at": "2026-02-13T11:27:03.385Z",
    "last_activity": "2026-02-13T11:49:11.859Z",
    "expires_at": "2026-02-14T11:49:11.857Z"
  }
},
{
  "model": "accounts.usersession",
  "pk": 38,
  "fields": {
    "user": 1,
    "session_key": "l1lcfyauqz1h8sf3nxmck3vmmsezpuls",
    "ip_address": "127.0.0.1",
    "user_agent": "Mozilla/5.0 (Windows NT 10.0; Win64; x64) AppleWebKit/537.36 (KHTML, like Gecko) Chrome/144.0.0.0 Safari/537.36",
    "device_type": "desktop",
    "browser": "Chrome",
    "os": "Windows",
    "is_active": true,
    "created_at": "2026-02-13T11:50:12.876Z",
    "last_activity": "2026-02-15T19:00:25.901Z",
    "expires_at": "2026-02-16T19:00:25.898Z"
  }
},
{
  "model": "accounts.usersession",
  "pk": 39,
  "fields": {
    "user": 1,
    "session_key": "3ufedcqwefwoxixkes2945g65y968crj",
    "ip_address": "127.0.0.1",
    "user_agent": "Mozilla/5.0 (Windows NT 10.0; Win64; x64) AppleWebKit/537.36 (KHTML, like Gecko) Chrome/144.0.0.0 Safari/537.36",
    "device_type": "desktop",
    "browser": "Chrome",
    "os": "Windows",
    "is_active": true,
    "created_at": "2026-02-13T11:58:37.669Z",
    "last_activity": "2026-02-13T12:00:10.424Z",
    "expires_at": "2026-02-14T12:00:10.423Z"
  }
},
{
  "model": "accounts.usersession",
  "pk": 40,
  "fields": {
    "user": 1,
    "session_key": "e5vljdkw4n7wnxls3eyy95sw4sie4b2z",
    "ip_address": "127.0.0.1",
    "user_agent": "Mozilla/5.0 (Windows NT 10.0; Win64; x64) AppleWebKit/537.36 (KHTML, like Gecko) Chrome/144.0.0.0 Safari/537.36",
    "device_type": "desktop",
    "browser": "Chrome",
    "os": "Windows",
    "is_active": true,
    "created_at": "2026-02-13T12:00:17.876Z",
    "last_activity": "2026-02-13T12:24:42.218Z",
    "expires_at": "2026-02-14T12:24:42.216Z"
  }
},
{
  "model": "accounts.usersession",
  "pk": 41,
  "fields": {
    "user": 1,
    "session_key": "4o9wbmi50irv45vblneb0v5g92pfcqq1",
    "ip_address": "127.0.0.1",
    "user_agent": "Mozilla/5.0 (Windows NT 10.0; Win64; x64) AppleWebKit/537.36 (KHTML, like Gecko) Chrome/144.0.0.0 Safari/537.36",
    "device_type": "desktop",
    "browser": "Chrome",
    "os": "Windows",
    "is_active": true,
    "created_at": "2026-02-13T12:26:12.123Z",
    "last_activity": "2026-02-13T23:39:01.136Z",
    "expires_at": "2026-02-14T23:39:01.131Z"
  }
},
{
  "model": "accounts.usersession",
  "pk": 42,
  "fields": {
    "user": 1,
    "session_key": "am1jez8c7q2fhdnymu6z484a1n1r55js",
    "ip_address": "127.0.0.1",
    "user_agent": "Mozilla/5.0 (Windows NT 10.0; Win64; x64) AppleWebKit/537.36 (KHTML, like Gecko) Chrome/144.0.0.0 Safari/537.36",
    "device_type": "desktop",
    "browser": "Chrome",
    "os": "Windows",
    "is_active": true,
    "created_at": "2026-02-13T23:39:07.154Z",
    "last_activity": "2026-02-14T00:04:20.889Z",
    "expires_at": "2026-02-15T00:04:20.885Z"
  }
},
{
  "model": "accounts.usersession",
  "pk": 43,
  "fields": {
    "user": 1,
    "session_key": "z3s1upamuayfs44zeez67igyaj1intz5",
    "ip_address": "127.0.0.1",
    "user_agent": "Mozilla/5.0 (Windows NT 10.0; Win64; x64) AppleWebKit/537.36 (KHTML, like Gecko) Chrome/144.0.0.0 Safari/537.36",
    "device_type": "desktop",
    "browser": "Chrome",
    "os": "Windows",
    "is_active": true,
    "created_at": "2026-02-14T00:06:38.248Z",
    "last_activity": "2026-02-14T11:39:23.986Z",
    "expires_at": "2026-02-15T11:39:23.983Z"
  }
},
{
  "model": "accounts.usersession",
  "pk": 44,
  "fields": {
    "user": 2,
    "session_key": "e4jnsd3ohy1kn8ncfba4v77u40y1zho8",
    "ip_address": "127.0.0.1",
    "user_agent": "Mozilla/5.0 (Windows NT 10.0; Win64; x64) AppleWebKit/537.36 (KHTML, like Gecko) Chrome/144.0.0.0 Safari/537.36",
    "device_type": "desktop",
    "browser": "Chrome",
    "os": "Windows",
    "is_active": true,
    "created_at": "2026-02-14T11:39:30.330Z",
    "last_activity": "2026-02-14T11:40:42.079Z",
    "expires_at": "2026-02-15T11:40:42.077Z"
  }
},
{
  "model": "accounts.usersession",
  "pk": 45,
  "fields": {
    "user": 1,
    "session_key": "xo4fl2xtm94hwtokekhex254pwubd8mw",
    "ip_address": "127.0.0.1",
    "user_agent": "Mozilla/5.0 (Windows NT 10.0; Win64; x64) AppleWebKit/537.36 (KHTML, like Gecko) Chrome/144.0.0.0 Safari/537.36",
    "device_type": "desktop",
    "browser": "Chrome",
    "os": "Windows",
    "is_active": true,
    "created_at": "2026-02-14T11:40:47.902Z",
    "last_activity": "2026-02-15T14:16:48.431Z",
    "expires_at": "2026-02-16T14:16:48.429Z"
  }
},
{
  "model": "accounts.usersession",
  "pk": 46,
  "fields": {
    "user": 2,
    "session_key": "lc434tnnzz4ptvbu53txzcni3w47mnv7",
    "ip_address": "127.0.0.1",
    "user_agent": "Mozilla/5.0 (Windows NT 10.0; Win64; x64) AppleWebKit/537.36 (KHTML, like Gecko) Chrome/144.0.0.0 Safari/537.36",
    "device_type": "desktop",
    "browser": "Chrome",
    "os": "Windows",
    "is_active": true,
    "created_at": "2026-02-15T14:17:17.995Z",
    "last_activity": "2026-02-15T14:17:56.206Z",
    "expires_at": "2026-02-16T14:17:56.205Z"
  }
},
{
  "model": "accounts.usersession",
  "pk": 47,
  "fields": {
    "user": 1,
    "session_key": "msa7e4hz6xzoi5s1ftfn8q6qjgvpz9ef",
    "ip_address": "127.0.0.1",
    "user_agent": "Mozilla/5.0 (Windows NT 10.0; Win64; x64) AppleWebKit/537.36 (KHTML, like Gecko) Chrome/144.0.0.0 Safari/537.36",
    "device_type": "desktop",
    "browser": "Chrome",
    "os": "Windows",
    "is_active": true,
    "created_at": "2026-02-15T14:18:01.322Z",
    "last_activity": "2026-02-15T14:19:21.420Z",
    "expires_at": "2026-02-16T14:19:21.419Z"
  }
},
{
  "model": "accounts.usersession",
  "pk": 48,
  "fields": {
    "user": 2,
    "session_key": "udo0zuireiqb33rjxzkz8u7l8ern2e2n",
    "ip_address": "127.0.0.1",
    "user_agent": "Mozilla/5.0 (Windows NT 10.0; Win64; x64) AppleWebKit/537.36 (KHTML, like Gecko) Chrome/144.0.0.0 Safari/537.36",
    "device_type": "desktop",
    "browser": "Chrome",
    "os": "Windows",
    "is_active": true,
    "created_at": "2026-02-15T14:19:42.345Z",
    "last_activity": "2026-02-15T14:20:05.823Z",
    "expires_at": "2026-02-16T14:20:05.821Z"
  }
},
{
  "model": "accounts.usersession",
  "pk": 49,
  "fields": {
    "user": 1,
    "session_key": "zv8sg1ubs63o2lfpcevgfc0v3yb97pty",
    "ip_address": "127.0.0.1",
    "user_agent": "Mozilla/5.0 (Windows NT 10.0; Win64; x64) AppleWebKit/537.36 (KHTML, like Gecko) Chrome/144.0.0.0 Safari/537.36",
    "device_type": "desktop",
    "browser": "Chrome",
    "os": "Windows",
    "is_active": true,
    "created_at": "2026-02-15T14:20:49.007Z",
    "last_activity": "2026-02-15T14:30:46.961Z",
    "expires_at": "2026-02-16T14:30:46.959Z"
  }
},
{
  "model": "accounts.usersession",
  "pk": 50,
  "fields": {
    "user": 1,
    "session_key": "hph4ewiqhdmixbs2i29h40scd8oi4n1f",
    "ip_address": "127.0.0.1",
    "user_agent": "Mozilla/5.0 (Windows NT 10.0; Win64; x64) AppleWebKit/537.36 (KHTML, like Gecko) Chrome/144.0.0.0 Safari/537.36",
    "device_type": "desktop",
    "browser": "Chrome",
    "os": "Windows",
    "is_active": true,
    "created_at": "2026-02-15T14:40:12.857Z",
    "last_activity": "2026-02-15T16:11:38.308Z",
    "expires_at": "2026-02-16T16:11:38.305Z"
  }
},
{
  "model": "accounts.usersession",
  "pk": 51,
  "fields": {
    "user": 1,
    "session_key": "bl41mwd3xpyq9h7t8zlykz378ylcim3y",
    "ip_address": "127.0.0.1",
    "user_agent": "Mozilla/5.0 (Windows NT 10.0; Win64; x64) AppleWebKit/537.36 (KHTML, like Gecko) Chrome/144.0.0.0 Safari/537.36",
    "device_type": "desktop",
    "browser": "Chrome",
    "os": "Windows",
    "is_active": true,
    "created_at": "2026-02-15T16:11:57.457Z",
    "last_activity": "2026-02-15T16:17:42.276Z",
    "expires_at": "2026-02-16T16:17:42.273Z"
  }
},
{
  "model": "accounts.usersession",
  "pk": 52,
  "fields": {
    "user": 2,
    "session_key": "ftbfumw1zsi3zl68g73laewljjrxlh12",
    "ip_address": "127.0.0.1",
    "user_agent": "Mozilla/5.0 (Windows NT 10.0; Win64; x64) AppleWebKit/537.36 (KHTML, like Gecko) Chrome/144.0.0.0 Safari/537.36",
    "device_type": "desktop",
    "browser": "Chrome",
    "os": "Windows",
    "is_active": true,
    "created_at": "2026-02-15T16:17:48.713Z",
    "last_activity": "2026-02-15T16:18:02.078Z",
    "expires_at": "2026-02-16T16:18:02.075Z"
  }
},
{
  "model": "accounts.usersession",
  "pk": 53,
  "fields": {
    "user": 1,
    "session_key": "ammgltbpelmqrpprs8it8enqk2ds9whz",
    "ip_address": "127.0.0.1",
    "user_agent": "Mozilla/5.0 (Windows NT 10.0; Win64; x64) AppleWebKit/537.36 (KHTML, like Gecko) Chrome/144.0.0.0 Safari/537.36",
    "device_type": "desktop",
    "browser": "Chrome",
    "os": "Windows",
    "is_active": true,
    "created_at": "2026-02-15T16:18:07.395Z",
    "last_activity": "2026-02-15T16:20:57.256Z",
    "expires_at": "2026-02-16T16:20:57.254Z"
  }
},
{
  "model": "accounts.usersession",
  "pk": 54,
  "fields": {
    "user": 2,
    "session_key": "ctuat5kbw9rq30tgmgwfcj5rjnwmguh5",
    "ip_address": "127.0.0.1",
    "user_agent": "Mozilla/5.0 (Windows NT 10.0; Win64; x64) AppleWebKit/537.36 (KHTML, like Gecko) Chrome/144.0.0.0 Safari/537.36",
    "device_type": "desktop",
    "browser": "Chrome",
    "os": "Windows",
    "is_active": true,
    "created_at": "2026-02-15T16:21:02.204Z",
    "last_activity": "2026-02-15T16:22:02.421Z",
    "expires_at": "2026-02-16T16:22:02.418Z"
  }
},
{
  "model": "accounts.usersession",
  "pk": 55,
  "fields": {
    "user": 1,
    "session_key": "axd562o3k7dkirwx8aqtym1weto406ol",
    "ip_address": "127.0.0.1",
    "user_agent": "Mozilla/5.0 (Windows NT 10.0; Win64; x64) AppleWebKit/537.36 (KHTML, like Gecko) Chrome/144.0.0.0 Safari/537.36",
    "device_type": "desktop",
    "browser": "Chrome",
    "os": "Windows",
    "is_active": true,
    "created_at": "2026-02-15T16:22:07.779Z",
    "last_activity": "2026-02-15T16:24:10.568Z",
    "expires_at": "2026-02-16T16:24:10.566Z"
  }
},
{
  "model": "accounts.usersession",
  "pk": 56,
  "fields": {
    "user": 2,
    "session_key": "iirknjpk3tgt308ynd3zfwdabssov3bf",
    "ip_address": "127.0.0.1",
    "user_agent": "Mozilla/5.0 (Windows NT 10.0; Win64; x64) AppleWebKit/537.36 (KHTML, like Gecko) Chrome/144.0.0.0 Safari/537.36",
    "device_type": "desktop",
    "browser": "Chrome",
    "os": "Windows",
    "is_active": true,
    "created_at": "2026-02-15T16:24:16.948Z",
    "last_activity": "2026-02-15T16:31:53.316Z",
    "expires_at": "2026-02-16T16:31:53.304Z"
  }
},
{
  "model": "accounts.usersession",
  "pk": 57,
  "fields": {
    "user": 1,
    "session_key": "tu3us63pv1vdxj0j0t20u4pm9t76mkh7",
    "ip_address": "127.0.0.1",
    "user_agent": "Mozilla/5.0 (Windows NT 10.0; Win64; x64) AppleWebKit/537.36 (KHTML, like Gecko) Chrome/144.0.0.0 Safari/537.36",
    "device_type": "desktop",
    "browser": "Chrome",
    "os": "Windows",
    "is_active": true,
    "created_at": "2026-02-15T16:32:13.387Z",
    "last_activity": "2026-02-15T16:52:17.877Z",
    "expires_at": "2026-02-16T16:52:17.875Z"
  }
},
{
  "model": "accounts.usersession",
  "pk": 58,
  "fields": {
    "user": 2,
    "session_key": "0azfcmy0owjq0w82tn2lbiye44eepj6c",
    "ip_address": "127.0.0.1",
    "user_agent": "Mozilla/5.0 (Windows NT 10.0; Win64; x64) AppleWebKit/537.36 (KHTML, like Gecko) Chrome/144.0.0.0 Safari/537.36",
    "device_type": "desktop",
    "browser": "Chrome",
    "os": "Windows",
    "is_active": true,
    "created_at": "2026-02-15T16:52:24.912Z",
    "last_activity": "2026-02-15T17:33:31.191Z",
    "expires_at": "2026-02-16T17:33:31.188Z"
  }
},
{
  "model": "accounts.usersession",
  "pk": 59,
  "fields": {
    "user": 1,
    "session_key": "cyh0m6gspmohc0m5uhh8ke5nd1kdbsvh",
    "ip_address": "127.0.0.1",
    "user_agent": "Mozilla/5.0 (Windows NT 10.0; Win64; x64) AppleWebKit/537.36 (KHTML, like Gecko) Chrome/144.0.0.0 Safari/537.36",
    "device_type": "desktop",
    "browser": "Chrome",
    "os": "Windows",
    "is_active": true,
    "created_at": "2026-02-15T17:33:36.601Z",
    "last_activity": "2026-02-15T18:34:55.216Z",
    "expires_at": "2026-02-16T18:34:55.213Z"
  }
},
{
  "model": "accounts.usersession",
  "pk": 60,
  "fields": {
    "user": 2,
    "session_key": "cijrsju90dr6agl7t4a4nn1lnqzft7zt",
    "ip_address": "127.0.0.1",
    "user_agent": "Mozilla/5.0 (Windows NT 10.0; Win64; x64) AppleWebKit/537.36 (KHTML, like Gecko) Chrome/144.0.0.0 Safari/537.36",
    "device_type": "desktop",
    "browser": "Chrome",
    "os": "Windows",
    "is_active": true,
    "created_at": "2026-02-15T18:35:02.595Z",
    "last_activity": "2026-02-15T18:35:41.275Z",
    "expires_at": "2026-02-16T18:35:41.261Z"
  }
},
{
  "model": "accounts.usersession",
  "pk": 61,
  "fields": {
    "user": 1,
    "session_key": "fromi9nawaui0pvh0x6ew92nr4qc2fpw",
    "ip_address": "127.0.0.1",
    "user_agent": "Mozilla/5.0 (Windows NT 10.0; Win64; x64) AppleWebKit/537.36 (KHTML, like Gecko) Chrome/144.0.0.0 Safari/537.36",
    "device_type": "desktop",
    "browser": "Chrome",
    "os": "Windows",
    "is_active": true,
    "created_at": "2026-02-15T18:38:54.760Z",
    "last_activity": "2026-02-15T19:40:36.947Z",
    "expires_at": "2026-02-16T19:40:36.941Z"
  }
},
{
  "model": "accounts.usersession",
  "pk": 62,
  "fields": {
    "user": 1,
    "session_key": "08td2sbhdi7px1f79cet62ge4edz0pl0",
    "ip_address": "127.0.0.1",
    "user_agent": "Mozilla/5.0 (Windows NT 10.0; Win64; x64) AppleWebKit/537.36 (KHTML, like Gecko) Chrome/144.0.0.0 Safari/537.36",
    "device_type": "desktop",
    "browser": "Chrome",
    "os": "Windows",
    "is_active": true,
    "created_at": "2026-02-15T19:40:54.056Z",
    "last_activity": "2026-02-16T08:23:32.287Z",
    "expires_at": "2026-02-17T08:23:32.283Z"
  }
},
{
  "model": "accounts.usersession",
  "pk": 63,
  "fields": {
    "user": 1,
    "session_key": "2djh91gnx776srngt7wb830ekom003px",
    "ip_address": "127.0.0.1",
    "user_agent": "Mozilla/5.0 (Windows NT 10.0; Win64; x64) AppleWebKit/537.36 (KHTML, like Gecko) Chrome/144.0.0.0 Safari/537.36",
    "device_type": "desktop",
    "browser": "Chrome",
    "os": "Windows",
    "is_active": true,
    "created_at": "2026-02-16T08:23:37.257Z",
    "last_activity": "2026-02-16T09:26:35.662Z",
    "expires_at": "2026-02-17T09:26:35.660Z"
  }
},
{
  "model": "accounts.usersession",
  "pk": 64,
  "fields": {
    "user": 2,
    "session_key": "sr5ps78xcg5hbjrip05chxh7vbep2ukr",
    "ip_address": "127.0.0.1",
    "user_agent": "Mozilla/5.0 (Windows NT 10.0; Win64; x64) AppleWebKit/537.36 (KHTML, like Gecko) Chrome/144.0.0.0 Safari/537.36",
    "device_type": "desktop",
    "browser": "Chrome",
    "os": "Windows",
    "is_active": true,
    "created_at": "2026-02-16T09:26:39.816Z",
    "last_activity": "2026-02-16T09:32:30.814Z",
    "expires_at": "2026-02-17T09:32:30.813Z"
  }
},
{
  "model": "accounts.usersession",
  "pk": 65,
  "fields": {
    "user": 1,
    "session_key": "tgshvzgo41qsqm56jnarjw1ea2rewcmi",
    "ip_address": "127.0.0.1",
    "user_agent": "Mozilla/5.0 (Windows NT 10.0; Win64; x64) AppleWebKit/537.36 (KHTML, like Gecko) Chrome/144.0.0.0 Safari/537.36",
    "device_type": "desktop",
    "browser": "Chrome",
    "os": "Windows",
    "is_active": true,
    "created_at": "2026-02-16T09:32:35.896Z",
    "last_activity": "2026-02-16T10:19:26.236Z",
    "expires_at": "2026-02-17T10:19:26.235Z"
  }
},
{
  "model": "accounts.usersession",
  "pk": 66,
  "fields": {
    "user": 1,
    "session_key": "vybgov5qgrh2d8bxocqukc30rkhdyyyb",
    "ip_address": "127.0.0.1",
    "user_agent": "Mozilla/5.0 (Windows NT 10.0; Win64; x64) AppleWebKit/537.36 (KHTML, like Gecko) Chrome/144.0.0.0 Safari/537.36",
    "device_type": "desktop",
    "browser": "Chrome",
    "os": "Windows",
    "is_active": true,
    "created_at": "2026-02-16T10:19:46.000Z",
    "last_activity": "2026-02-16T11:45:39.990Z",
    "expires_at": "2026-02-17T11:45:39.989Z"
  }
},
{
  "model": "accounts.usersession",
  "pk": 67,
  "fields": {
    "user": 1,
    "session_key": "2o3ocq5wihjpk4lxa2lkjhmeuselzf37",
    "ip_address": "127.0.0.1",
    "user_agent": "Mozilla/5.0 (Windows NT 10.0; Win64; x64) AppleWebKit/537.36 (KHTML, like Gecko) Chrome/144.0.0.0 Safari/537.36",
    "device_type": "desktop",
    "browser": "Chrome",
    "os": "Windows",
    "is_active": true,
    "created_at": "2026-02-16T12:01:02.881Z",
    "last_activity": "2026-02-16T12:09:26.678Z",
    "expires_at": "2026-02-17T12:09:26.676Z"
  }
},
{
  "model": "accounts.loginhistory",
  "pk": 1,
  "fields": {
    "user": 1,
    "success": true,
    "failure_reason": "",
    "ip_address": "127.0.0.1",
    "user_agent": "Mozilla/5.0 (Windows NT 10.0; Win64; x64) AppleWebKit/537.36 (KHTML, like Gecko) Chrome/144.0.0.0 Safari/537.36",
    "location": "",
    "created_at": "2026-02-04T21:53:05.516Z"
  }
},
{
  "model": "accounts.loginhistory",
  "pk": 2,
  "fields": {
    "user": 1,
    "success": true,
    "failure_reason": "",
    "ip_address": "127.0.0.1",
    "user_agent": "Mozilla/5.0 (Windows NT 10.0; Win64; x64) AppleWebKit/537.36 (KHTML, like Gecko) Chrome/144.0.0.0 Safari/537.36",
    "location": "",
    "created_at": "2026-02-04T22:03:01.458Z"
  }
},
{
  "model": "accounts.loginhistory",
  "pk": 3,
  "fields": {
    "user": 2,
    "success": true,
    "failure_reason": "",
    "ip_address": "127.0.0.1",
    "user_agent": "Mozilla/5.0 (Windows NT 10.0; Win64; x64) AppleWebKit/537.36 (KHTML, like Gecko) Chrome/144.0.0.0 Safari/537.36",
    "location": "",
    "created_at": "2026-02-04T22:04:55.847Z"
  }
},
{
  "model": "accounts.loginhistory",
  "pk": 4,
  "fields": {
    "user": 1,
    "success": true,
    "failure_reason": "",
    "ip_address": "127.0.0.1",
    "user_agent": "Mozilla/5.0 (Windows NT 10.0; Win64; x64) AppleWebKit/537.36 (KHTML, like Gecko) Chrome/144.0.0.0 Safari/537.36",
    "location": "",
    "created_at": "2026-02-04T22:10:41.225Z"
  }
},
{
  "model": "accounts.loginhistory",
  "pk": 5,
  "fields": {
    "user": 1,
    "success": true,
    "failure_reason": "",
    "ip_address": "127.0.0.1",
    "user_agent": "Mozilla/5.0 (Windows NT 10.0; Win64; x64) AppleWebKit/537.36 (KHTML, like Gecko) Chrome/144.0.0.0 Safari/537.36",
    "location": "",
    "created_at": "2026-02-04T22:29:58.273Z"
  }
},
{
  "model": "accounts.loginhistory",
  "pk": 6,
  "fields": {
    "user": 1,
    "success": true,
    "failure_reason": "",
    "ip_address": "127.0.0.1",
    "user_agent": "Mozilla/5.0 (Windows NT 10.0; Win64; x64) AppleWebKit/537.36 (KHTML, like Gecko) Chrome/144.0.0.0 Safari/537.36",
    "location": "",
    "created_at": "2026-02-04T22:39:12.608Z"
  }
},
{
  "model": "accounts.loginhistory",
  "pk": 7,
  "fields": {
    "user": 1,
    "success": true,
    "failure_reason": "",
    "ip_address": "127.0.0.1",
    "user_agent": "Mozilla/5.0 (Windows NT 10.0; Win64; x64) AppleWebKit/537.36 (KHTML, like Gecko) Chrome/144.0.0.0 Safari/537.36",
    "location": "",
    "created_at": "2026-02-04T22:44:30.334Z"
  }
},
{
  "model": "accounts.loginhistory",
  "pk": 8,
  "fields": {
    "user": 1,
    "success": true,
    "failure_reason": "",
    "ip_address": "127.0.0.1",
    "user_agent": "Mozilla/5.0 (Windows NT 10.0; Win64; x64) AppleWebKit/537.36 (KHTML, like Gecko) Chrome/144.0.0.0 Safari/537.36",
    "location": "",
    "created_at": "2026-02-05T11:14:57.325Z"
  }
},
{
  "model": "accounts.loginhistory",
  "pk": 9,
  "fields": {
    "user": 1,
    "success": true,
    "failure_reason": "",
    "ip_address": "127.0.0.1",
    "user_agent": "Mozilla/5.0 (Windows NT 10.0; Win64; x64) AppleWebKit/537.36 (KHTML, like Gecko) Chrome/144.0.0.0 Safari/537.36",
    "location": "",
    "created_at": "2026-02-05T11:20:25.091Z"
  }
},
{
  "model": "accounts.loginhistory",
  "pk": 10,
  "fields": {
    "user": 1,
    "success": true,
    "failure_reason": "",
    "ip_address": "127.0.0.1",
    "user_agent": "Mozilla/5.0 (Windows NT 10.0; Win64; x64) AppleWebKit/537.36 (KHTML, like Gecko) Chrome/144.0.0.0 Safari/537.36",
    "location": "",
    "created_at": "2026-02-05T11:40:45.854Z"
  }
},
{
  "model": "accounts.loginhistory",
  "pk": 11,
  "fields": {
    "user": 1,
    "success": true,
    "failure_reason": "",
    "ip_address": "127.0.0.1",
    "user_agent": "Mozilla/5.0 (Windows NT 10.0; Win64; x64) AppleWebKit/537.36 (KHTML, like Gecko) Chrome/144.0.0.0 Safari/537.36",
    "location": "",
    "created_at": "2026-02-05T12:11:19.503Z"
  }
},
{
  "model": "accounts.loginhistory",
  "pk": 12,
  "fields": {
    "user": 1,
    "success": true,
    "failure_reason": "",
    "ip_address": "127.0.0.1",
    "user_agent": "Mozilla/5.0 (Windows NT 10.0; Win64; x64) AppleWebKit/537.36 (KHTML, like Gecko) Chrome/144.0.0.0 Safari/537.36",
    "location": "",
    "created_at": "2026-02-06T09:05:13.333Z"
  }
},
{
  "model": "accounts.loginhistory",
  "pk": 13,
  "fields": {
    "user": 1,
    "success": true,
    "failure_reason": "",
    "ip_address": "127.0.0.1",
    "user_agent": "Mozilla/5.0 (Windows NT 10.0; Win64; x64) AppleWebKit/537.36 (KHTML, like Gecko) Chrome/144.0.0.0 Safari/537.36",
    "location": "",
    "created_at": "2026-02-06T10:05:37.899Z"
  }
},
{
  "model": "accounts.loginhistory",
  "pk": 14,
  "fields": {
    "user": 1,
    "success": true,
    "failure_reason": "",
    "ip_address": "127.0.0.1",
    "user_agent": "Mozilla/5.0 (Windows NT 10.0; Win64; x64) AppleWebKit/537.36 (KHTML, like Gecko) Chrome/144.0.0.0 Safari/537.36",
    "location": "",
    "created_at": "2026-02-08T00:00:14.867Z"
  }
},
{
  "model": "accounts.loginhistory",
  "pk": 15,
  "fields": {
    "user": 1,
    "success": true,
    "failure_reason": "",
    "ip_address": "127.0.0.1",
    "user_agent": "Mozilla/5.0 (Windows NT 10.0; Win64; x64) AppleWebKit/537.36 (KHTML, like Gecko) Chrome/144.0.0.0 Safari/537.36",
    "location": "",
    "created_at": "2026-02-08T00:07:09.650Z"
  }
},
{
  "model": "accounts.loginhistory",
  "pk": 16,
  "fields": {
    "user": 1,
    "success": true,
    "failure_reason": "",
    "ip_address": "127.0.0.1",
    "user_agent": "Mozilla/5.0 (Windows NT 10.0; Win64; x64) AppleWebKit/537.36 (KHTML, like Gecko) Chrome/144.0.0.0 Safari/537.36",
    "location": "",
    "created_at": "2026-02-08T00:12:13.222Z"
  }
},
{
  "model": "accounts.loginhistory",
  "pk": 17,
  "fields": {
    "user": 1,
    "success": true,
    "failure_reason": "",
    "ip_address": "127.0.0.1",
    "user_agent": "Mozilla/5.0 (Windows NT 10.0; Win64; x64) AppleWebKit/537.36 (KHTML, like Gecko) Chrome/144.0.0.0 Safari/537.36",
    "location": "",
    "created_at": "2026-02-08T00:20:26.265Z"
  }
},
{
  "model": "accounts.loginhistory",
  "pk": 18,
  "fields": {
    "user": 1,
    "success": true,
    "failure_reason": "",
    "ip_address": "127.0.0.1",
    "user_agent": "Mozilla/5.0 (Windows NT 10.0; Win64; x64) AppleWebKit/537.36 (KHTML, like Gecko) Chrome/144.0.0.0 Safari/537.36",
    "location": "",
    "created_at": "2026-02-08T00:25:30.138Z"
  }
},
{
  "model": "accounts.loginhistory",
  "pk": 19,
  "fields": {
    "user": 1,
    "success": true,
    "failure_reason": "",
    "ip_address": "127.0.0.1",
    "user_agent": "Mozilla/5.0 (Windows NT 10.0; Win64; x64) AppleWebKit/537.36 (KHTML, like Gecko) Chrome/144.0.0.0 Safari/537.36",
    "location": "",
    "created_at": "2026-02-08T00:32:14.212Z"
  }
},
{
  "model": "accounts.loginhistory",
  "pk": 20,
  "fields": {
    "user": 1,
    "success": true,
    "failure_reason": "",
    "ip_address": "127.0.0.1",
    "user_agent": "Mozilla/5.0 (Windows NT 10.0; Win64; x64) AppleWebKit/537.36 (KHTML, like Gecko) Chrome/144.0.0.0 Safari/537.36",
    "location": "",
    "created_at": "2026-02-08T00:43:54.878Z"
  }
},
{
  "model": "accounts.loginhistory",
  "pk": 21,
  "fields": {
    "user": 1,
    "success": true,
    "failure_reason": "",
    "ip_address": "127.0.0.1",
    "user_agent": "Mozilla/5.0 (Windows NT 10.0; Win64; x64) AppleWebKit/537.36 (KHTML, like Gecko) Chrome/144.0.0.0 Safari/537.36",
    "location": "",
    "created_at": "2026-02-08T01:02:20.249Z"
  }
},
{
  "model": "accounts.loginhistory",
  "pk": 22,
  "fields": {
    "user": 1,
    "success": true,
    "failure_reason": "",
    "ip_address": "127.0.0.1",
    "user_agent": "Mozilla/5.0 (Windows NT 10.0; Win64; x64) AppleWebKit/537.36 (KHTML, like Gecko) Chrome/144.0.0.0 Safari/537.36",
    "location": "",
    "created_at": "2026-02-08T01:14:18.004Z"
  }
},
{
  "model": "accounts.loginhistory",
  "pk": 23,
  "fields": {
    "user": 1,
    "success": true,
    "failure_reason": "",
    "ip_address": "127.0.0.1",
    "user_agent": "Mozilla/5.0 (Windows NT 10.0; Win64; x64) AppleWebKit/537.36 (KHTML, like Gecko) Chrome/144.0.0.0 Safari/537.36",
    "location": "",
    "created_at": "2026-02-08T01:20:26.978Z"
  }
},
{
  "model": "accounts.loginhistory",
  "pk": 24,
  "fields": {
    "user": 1,
    "success": true,
    "failure_reason": "",
    "ip_address": "127.0.0.1",
    "user_agent": "Mozilla/5.0 (Windows NT 10.0; Win64; x64) AppleWebKit/537.36 (KHTML, like Gecko) Chrome/144.0.0.0 Safari/537.36",
    "location": "",
    "created_at": "2026-02-08T01:25:59.504Z"
  }
},
{
  "model": "accounts.loginhistory",
  "pk": 25,
  "fields": {
    "user": 1,
    "success": true,
    "failure_reason": "",
    "ip_address": "127.0.0.1",
    "user_agent": "Mozilla/5.0 (Windows NT 10.0; Win64; x64) AppleWebKit/537.36 (KHTML, like Gecko) Chrome/144.0.0.0 Safari/537.36",
    "location": "",
    "created_at": "2026-02-08T01:34:01.144Z"
  }
},
{
  "model": "accounts.loginhistory",
  "pk": 26,
  "fields": {
    "user": 1,
    "success": true,
    "failure_reason": "",
    "ip_address": "127.0.0.1",
    "user_agent": "Mozilla/5.0 (Windows NT 10.0; Win64; x64) AppleWebKit/537.36 (KHTML, like Gecko) Chrome/144.0.0.0 Safari/537.36",
    "location": "",
    "created_at": "2026-02-08T01:39:09.868Z"
  }
},
{
  "model": "accounts.loginhistory",
  "pk": 27,
  "fields": {
    "user": 1,
    "success": true,
    "failure_reason": "",
    "ip_address": "127.0.0.1",
    "user_agent": "Mozilla/5.0 (Windows NT 10.0; Win64; x64) AppleWebKit/537.36 (KHTML, like Gecko) Chrome/144.0.0.0 Safari/537.36",
    "location": "",
    "created_at": "2026-02-08T01:48:36.907Z"
  }
},
{
  "model": "accounts.loginhistory",
  "pk": 28,
  "fields": {
    "user": 1,
    "success": true,
    "failure_reason": "",
    "ip_address": "127.0.0.1",
    "user_agent": "Mozilla/5.0 (Windows NT 10.0; Win64; x64) AppleWebKit/537.36 (KHTML, like Gecko) Chrome/144.0.0.0 Safari/537.36",
    "location": "",
    "created_at": "2026-02-08T01:56:44.497Z"
  }
},
{
  "model": "accounts.loginhistory",
  "pk": 29,
  "fields": {
    "user": 1,
    "success": true,
    "failure_reason": "",
    "ip_address": "127.0.0.1",
    "user_agent": "Mozilla/5.0 (Windows NT 10.0; Win64; x64) AppleWebKit/537.36 (KHTML, like Gecko) Chrome/144.0.0.0 Safari/537.36",
    "location": "",
    "created_at": "2026-02-08T02:02:39.461Z"
  }
},
{
  "model": "accounts.loginhistory",
  "pk": 30,
  "fields": {
    "user": 1,
    "success": true,
    "failure_reason": "",
    "ip_address": "127.0.0.1",
    "user_agent": "Mozilla/5.0 (Windows NT 10.0; Win64; x64) AppleWebKit/537.36 (KHTML, like Gecko) Chrome/144.0.0.0 Safari/537.36",
    "location": "",
    "created_at": "2026-02-08T02:11:29.430Z"
  }
},
{
  "model": "accounts.loginhistory",
  "pk": 31,
  "fields": {
    "user": 1,
    "success": true,
    "failure_reason": "",
    "ip_address": "127.0.0.1",
    "user_agent": "Mozilla/5.0 (Windows NT 10.0; Win64; x64) AppleWebKit/537.36 (KHTML, like Gecko) Chrome/144.0.0.0 Safari/537.36",
    "location": "",
    "created_at": "2026-02-08T02:17:06.335Z"
  }
},
{
  "model": "accounts.loginhistory",
  "pk": 32,
  "fields": {
    "user": 1,
    "success": true,
    "failure_reason": "",
    "ip_address": "127.0.0.1",
    "user_agent": "Mozilla/5.0 (Windows NT 10.0; Win64; x64) AppleWebKit/537.36 (KHTML, like Gecko) Chrome/144.0.0.0 Safari/537.36",
    "location": "",
    "created_at": "2026-02-08T02:22:16.017Z"
  }
},
{
  "model": "accounts.loginhistory",
  "pk": 33,
  "fields": {
    "user": 1,
    "success": true,
    "failure_reason": "",
    "ip_address": "127.0.0.1",
    "user_agent": "Mozilla/5.0 (Windows NT 10.0; Win64; x64) AppleWebKit/537.36 (KHTML, like Gecko) Chrome/144.0.0.0 Safari/537.36",
    "location": "",
    "created_at": "2026-02-08T02:27:44.995Z"
  }
},
{
  "model": "accounts.loginhistory",
  "pk": 34,
  "fields": {
    "user": 1,
    "success": true,
    "failure_reason": "",
    "ip_address": "127.0.0.1",
    "user_agent": "Mozilla/5.0 (Windows NT 10.0; Win64; x64) AppleWebKit/537.36 (KHTML, like Gecko) Chrome/144.0.0.0 Safari/537.36",
    "location": "",
    "created_at": "2026-02-08T02:32:50.987Z"
  }
},
{
  "model": "accounts.loginhistory",
  "pk": 35,
  "fields": {
    "user": 1,
    "success": true,
    "failure_reason": "",
    "ip_address": "127.0.0.1",
    "user_agent": "Mozilla/5.0 (Windows NT 10.0; Win64; x64) AppleWebKit/537.36 (KHTML, like Gecko) Chrome/144.0.0.0 Safari/537.36",
    "location": "",
    "created_at": "2026-02-08T02:39:35.035Z"
  }
},
{
  "model": "accounts.loginhistory",
  "pk": 36,
  "fields": {
    "user": 1,
    "success": true,
    "failure_reason": "",
    "ip_address": "127.0.0.1",
    "user_agent": "Mozilla/5.0 (Windows NT 10.0; Win64; x64) AppleWebKit/537.36 (KHTML, like Gecko) Chrome/144.0.0.0 Safari/537.36",
    "location": "",
    "created_at": "2026-02-08T02:49:16.375Z"
  }
},
{
  "model": "accounts.loginhistory",
  "pk": 37,
  "fields": {
    "user": 1,
    "success": true,
    "failure_reason": "",
    "ip_address": "127.0.0.1",
    "user_agent": "Mozilla/5.0 (Windows NT 10.0; Win64; x64) AppleWebKit/537.36 (KHTML, like Gecko) Chrome/144.0.0.0 Safari/537.36",
    "location": "",
    "created_at": "2026-02-08T02:54:40.066Z"
  }
},
{
  "model": "accounts.loginhistory",
  "pk": 38,
  "fields": {
    "user": 1,
    "success": true,
    "failure_reason": "",
    "ip_address": "127.0.0.1",
    "user_agent": "Mozilla/5.0 (Windows NT 10.0; Win64; x64) AppleWebKit/537.36 (KHTML, like Gecko) Chrome/144.0.0.0 Safari/537.36",
    "location": "",
    "created_at": "2026-02-08T03:04:59.271Z"
  }
},
{
  "model": "accounts.loginhistory",
  "pk": 39,
  "fields": {
    "user": 1,
    "success": true,
    "failure_reason": "",
    "ip_address": "127.0.0.1",
    "user_agent": "Mozilla/5.0 (Windows NT 10.0; Win64; x64) AppleWebKit/537.36 (KHTML, like Gecko) Chrome/144.0.0.0 Safari/537.36",
    "location": "",
    "created_at": "2026-02-08T03:15:41.520Z"
  }
},
{
  "model": "accounts.loginhistory",
  "pk": 40,
  "fields": {
    "user": 1,
    "success": true,
    "failure_reason": "",
    "ip_address": "127.0.0.1",
    "user_agent": "Mozilla/5.0 (Windows NT 10.0; Win64; x64) AppleWebKit/537.36 (KHTML, like Gecko) Chrome/144.0.0.0 Safari/537.36",
    "location": "",
    "created_at": "2026-02-08T03:28:12.567Z"
  }
},
{
  "model": "accounts.loginhistory",
  "pk": 41,
  "fields": {
    "user": 1,
    "success": true,
    "failure_reason": "",
    "ip_address": "127.0.0.1",
    "user_agent": "Mozilla/5.0 (Windows NT 10.0; Win64; x64) AppleWebKit/537.36 (KHTML, like Gecko) Chrome/144.0.0.0 Safari/537.36",
    "location": "",
    "created_at": "2026-02-08T19:54:59.743Z"
  }
},
{
  "model": "accounts.loginhistory",
  "pk": 42,
  "fields": {
    "user": 1,
    "success": true,
    "failure_reason": "",
    "ip_address": "127.0.0.1",
    "user_agent": "Mozilla/5.0 (Windows NT 10.0; Win64; x64) AppleWebKit/537.36 (KHTML, like Gecko) Chrome/144.0.0.0 Safari/537.36",
    "location": "",
    "created_at": "2026-02-08T21:16:41.513Z"
  }
},
{
  "model": "accounts.loginhistory",
  "pk": 43,
  "fields": {
    "user": 1,
    "success": true,
    "failure_reason": "",
    "ip_address": "127.0.0.1",
    "user_agent": "Mozilla/5.0 (Windows NT 10.0; Win64; x64) AppleWebKit/537.36 (KHTML, like Gecko) Chrome/144.0.0.0 Safari/537.36",
    "location": "",
    "created_at": "2026-02-08T23:05:02.198Z"
  }
},
{
  "model": "accounts.loginhistory",
  "pk": 44,
  "fields": {
    "user": 1,
    "success": true,
    "failure_reason": "",
    "ip_address": "127.0.0.1",
    "user_agent": "Mozilla/5.0 (Windows NT 10.0; Win64; x64) AppleWebKit/537.36 (KHTML, like Gecko) Chrome/144.0.0.0 Safari/537.36",
    "location": "",
    "created_at": "2026-02-08T23:15:17.705Z"
  }
},
{
  "model": "accounts.loginhistory",
  "pk": 45,
  "fields": {
    "user": 2,
    "success": true,
    "failure_reason": "",
    "ip_address": "127.0.0.1",
    "user_agent": "",
    "location": "",
    "created_at": "2026-02-09T00:15:03.185Z"
  }
},
{
  "model": "accounts.loginhistory",
  "pk": 46,
  "fields": {
    "user": 2,
    "success": true,
    "failure_reason": "",
    "ip_address": "127.0.0.1",
    "user_agent": "Mozilla/5.0 (Windows NT 10.0; Win64; x64) AppleWebKit/537.36 (KHTML, like Gecko) Chrome/144.0.0.0 Safari/537.36",
    "location": "",
    "created_at": "2026-02-09T10:21:34.924Z"
  }
},
{
  "model": "accounts.loginhistory",
  "pk": 47,
  "fields": {
    "user": 2,
    "success": true,
    "failure_reason": "",
    "ip_address": "127.0.0.1",
    "user_agent": "Mozilla/5.0 (Windows NT 10.0; Win64; x64) AppleWebKit/537.36 (KHTML, like Gecko) Chrome/144.0.0.0 Safari/537.36",
    "location": "",
    "created_at": "2026-02-09T10:34:10.210Z"
  }
},
{
  "model": "accounts.loginhistory",
  "pk": 48,
  "fields": {
    "user": 2,
    "success": true,
    "failure_reason": "",
    "ip_address": "127.0.0.1",
    "user_agent": "Mozilla/5.0 (Windows NT 10.0; Win64; x64) AppleWebKit/537.36 (KHTML, like Gecko) Chrome/144.0.0.0 Safari/537.36",
    "location": "",
    "created_at": "2026-02-09T10:50:45.224Z"
  }
},
{
  "model": "accounts.loginhistory",
  "pk": 49,
  "fields": {
    "user": 1,
    "success": true,
    "failure_reason": "",
    "ip_address": "127.0.0.1",
    "user_agent": "Mozilla/5.0 (Windows NT 10.0; Win64; x64) AppleWebKit/537.36 (KHTML, like Gecko) Chrome/144.0.0.0 Safari/537.36",
    "location": "",
    "created_at": "2026-02-09T10:53:52.897Z"
  }
},
{
  "model": "accounts.loginhistory",
  "pk": 50,
  "fields": {
    "user": 1,
    "success": true,
    "failure_reason": "",
    "ip_address": "127.0.0.1",
    "user_agent": "Mozilla/5.0 (Windows NT 10.0; Win64; x64) AppleWebKit/537.36 (KHTML, like Gecko) Chrome/144.0.0.0 Safari/537.36",
    "location": "",
    "created_at": "2026-02-09T11:05:16.883Z"
  }
},
{
  "model": "accounts.loginhistory",
  "pk": 51,
  "fields": {
    "user": 1,
    "success": true,
    "failure_reason": "",
    "ip_address": "127.0.0.1",
    "user_agent": "Mozilla/5.0 (Windows NT 10.0; Win64; x64) AppleWebKit/537.36 (KHTML, like Gecko) Chrome/144.0.0.0 Safari/537.36",
    "location": "",
    "created_at": "2026-02-09T11:30:34.332Z"
  }
},
{
  "model": "accounts.loginhistory",
  "pk": 52,
  "fields": {
    "user": 1,
    "success": true,
    "failure_reason": "",
    "ip_address": "127.0.0.1",
    "user_agent": "Mozilla/5.0 (Windows NT 10.0; Win64; x64) AppleWebKit/537.36 (KHTML, like Gecko) Chrome/144.0.0.0 Safari/537.36",
    "location": "",
    "created_at": "2026-02-09T11:51:38.140Z"
  }
},
{
  "model": "accounts.loginhistory",
  "pk": 53,
  "fields": {
    "user": 1,
    "success": true,
    "failure_reason": "",
    "ip_address": "127.0.0.1",
    "user_agent": "Mozilla/5.0 (Windows NT 10.0; Win64; x64) AppleWebKit/537.36 (KHTML, like Gecko) Chrome/144.0.0.0 Safari/537.36",
    "location": "",
    "created_at": "2026-02-09T12:08:39.934Z"
  }
},
{
  "model": "accounts.loginhistory",
  "pk": 54,
  "fields": {
    "user": 1,
    "success": true,
    "failure_reason": "",
    "ip_address": "127.0.0.1",
    "user_agent": "Mozilla/5.0 (Windows NT 10.0; Win64; x64) AppleWebKit/537.36 (KHTML, like Gecko) Chrome/144.0.0.0 Safari/537.36",
    "location": "",
    "created_at": "2026-02-09T12:15:33.570Z"
  }
},
{
  "model": "accounts.loginhistory",
  "pk": 55,
  "fields": {
    "user": 1,
    "success": true,
    "failure_reason": "",
    "ip_address": "127.0.0.1",
    "user_agent": "Mozilla/5.0 (Windows NT 10.0; Win64; x64) AppleWebKit/537.36 (KHTML, like Gecko) Chrome/144.0.0.0 Safari/537.36",
    "location": "",
    "created_at": "2026-02-09T12:21:41.851Z"
  }
},
{
  "model": "accounts.loginhistory",
  "pk": 56,
  "fields": {
    "user": 1,
    "success": true,
    "failure_reason": "",
    "ip_address": "127.0.0.1",
    "user_agent": "Mozilla/5.0 (Windows NT 10.0; Win64; x64) AppleWebKit/537.36 (KHTML, like Gecko) Chrome/144.0.0.0 Safari/537.36",
    "location": "",
    "created_at": "2026-02-09T12:26:46.794Z"
  }
},
{
  "model": "accounts.loginhistory",
  "pk": 57,
  "fields": {
    "user": 1,
    "success": true,
    "failure_reason": "",
    "ip_address": "127.0.0.1",
    "user_agent": "Mozilla/5.0 (Windows NT 10.0; Win64; x64) AppleWebKit/537.36 (KHTML, like Gecko) Chrome/144.0.0.0 Safari/537.36",
    "location": "",
    "created_at": "2026-02-10T18:14:33.799Z"
  }
},
{
  "model": "accounts.loginhistory",
  "pk": 58,
  "fields": {
    "user": 1,
    "success": true,
    "failure_reason": "",
    "ip_address": "127.0.0.1",
    "user_agent": "Mozilla/5.0 (Windows NT 10.0; Win64; x64) AppleWebKit/537.36 (KHTML, like Gecko) Chrome/144.0.0.0 Safari/537.36",
    "location": "",
    "created_at": "2026-02-10T18:26:32.920Z"
  }
},
{
  "model": "accounts.loginhistory",
  "pk": 59,
  "fields": {
    "user": 1,
    "success": true,
    "failure_reason": "",
    "ip_address": "127.0.0.1",
    "user_agent": "Mozilla/5.0 (Windows NT 10.0; Win64; x64) AppleWebKit/537.36 (KHTML, like Gecko) Chrome/144.0.0.0 Safari/537.36",
    "location": "",
    "created_at": "2026-02-10T18:33:23.824Z"
  }
},
{
  "model": "accounts.loginhistory",
  "pk": 60,
  "fields": {
    "user": 1,
    "success": true,
    "failure_reason": "",
    "ip_address": "127.0.0.1",
    "user_agent": "Mozilla/5.0 (Windows NT 10.0; Win64; x64) AppleWebKit/537.36 (KHTML, like Gecko) Chrome/144.0.0.0 Safari/537.36",
    "location": "",
    "created_at": "2026-02-11T13:59:29.833Z"
  }
},
{
  "model": "accounts.loginhistory",
  "pk": 61,
  "fields": {
    "user": 1,
    "success": true,
    "failure_reason": "",
    "ip_address": "127.0.0.1",
    "user_agent": "Mozilla/5.0 (Windows NT 10.0; Win64; x64) AppleWebKit/537.36 (KHTML, like Gecko) Chrome/144.0.0.0 Safari/537.36",
    "location": "",
    "created_at": "2026-02-11T14:05:14.266Z"
  }
},
{
  "model": "accounts.loginhistory",
  "pk": 62,
  "fields": {
    "user": 1,
    "success": true,
    "failure_reason": "",
    "ip_address": "127.0.0.1",
    "user_agent": "Mozilla/5.0 (Windows NT 10.0; Win64; x64) AppleWebKit/537.36 (KHTML, like Gecko) Chrome/144.0.0.0 Safari/537.36",
    "location": "",
    "created_at": "2026-02-12T14:45:14.607Z"
  }
},
{
  "model": "accounts.loginhistory",
  "pk": 63,
  "fields": {
    "user": 1,
    "success": true,
    "failure_reason": "",
    "ip_address": "127.0.0.1",
    "user_agent": "Mozilla/5.0 (Windows NT 10.0; Win64; x64) AppleWebKit/537.36 (KHTML, like Gecko) Chrome/144.0.0.0 Safari/537.36",
    "location": "",
    "created_at": "2026-02-13T10:50:52.243Z"
  }
},
{
  "model": "accounts.loginhistory",
  "pk": 64,
  "fields": {
    "user": 1,
    "success": true,
    "failure_reason": "",
    "ip_address": "127.0.0.1",
    "user_agent": "Mozilla/5.0 (Windows NT 10.0; Win64; x64) AppleWebKit/537.36 (KHTML, like Gecko) Chrome/144.0.0.0 Safari/537.36",
    "location": "",
    "created_at": "2026-02-13T10:56:18.285Z"
  }
},
{
  "model": "accounts.loginhistory",
  "pk": 65,
  "fields": {
    "user": 1,
    "success": true,
    "failure_reason": "",
    "ip_address": "127.0.0.1",
    "user_agent": "Mozilla/5.0 (Windows NT 10.0; Win64; x64) AppleWebKit/537.36 (KHTML, like Gecko) Chrome/144.0.0.0 Safari/537.36",
    "location": "",
    "created_at": "2026-02-13T11:04:07.013Z"
  }
},
{
  "model": "accounts.loginhistory",
  "pk": 66,
  "fields": {
    "user": 1,
    "success": true,
    "failure_reason": "",
    "ip_address": "127.0.0.1",
    "user_agent": "Mozilla/5.0 (Windows NT 10.0; Win64; x64) AppleWebKit/537.36 (KHTML, like Gecko) Chrome/144.0.0.0 Safari/537.36",
    "location": "",
    "created_at": "2026-02-13T11:11:11.116Z"
  }
},
{
  "model": "accounts.loginhistory",
  "pk": 67,
  "fields": {
    "user": 1,
    "success": true,
    "failure_reason": "",
    "ip_address": "127.0.0.1",
    "user_agent": "Mozilla/5.0 (Windows NT 10.0; Win64; x64) AppleWebKit/537.36 (KHTML, like Gecko) Chrome/144.0.0.0 Safari/537.36",
    "location": "",
    "created_at": "2026-02-13T11:27:03.402Z"
  }
},
{
  "model": "accounts.loginhistory",
  "pk": 68,
  "fields": {
    "user": 1,
    "success": true,
    "failure_reason": "",
    "ip_address": "127.0.0.1",
    "user_agent": "Mozilla/5.0 (Windows NT 10.0; Win64; x64) AppleWebKit/537.36 (KHTML, like Gecko) Chrome/144.0.0.0 Safari/537.36",
    "location": "",
    "created_at": "2026-02-13T11:45:21.453Z"
  }
},
{
  "model": "accounts.loginhistory",
  "pk": 69,
  "fields": {
    "user": 1,
    "success": true,
    "failure_reason": "",
    "ip_address": "127.0.0.1",
    "user_agent": "Mozilla/5.0 (Windows NT 10.0; Win64; x64) AppleWebKit/537.36 (KHTML, like Gecko) Chrome/144.0.0.0 Safari/537.36",
    "location": "",
    "created_at": "2026-02-13T11:51:23.253Z"
  }
},
{
  "model": "accounts.loginhistory",
  "pk": 70,
  "fields": {
    "user": 1,
    "success": true,
    "failure_reason": "",
    "ip_address": "127.0.0.1",
    "user_agent": "Mozilla/5.0 (Windows NT 10.0; Win64; x64) AppleWebKit/537.36 (KHTML, like Gecko) Chrome/144.0.0.0 Safari/537.36",
    "location": "",
    "created_at": "2026-02-13T11:57:58.242Z"
  }
},
{
  "model": "accounts.loginhistory",
  "pk": 71,
  "fields": {
    "user": 1,
    "success": true,
    "failure_reason": "",
    "ip_address": "127.0.0.1",
    "user_agent": "Mozilla/5.0 (Windows NT 10.0; Win64; x64) AppleWebKit/537.36 (KHTML, like Gecko) Chrome/144.0.0.0 Safari/537.36",
    "location": "",
    "created_at": "2026-02-13T12:03:26.140Z"
  }
},
{
  "model": "accounts.loginhistory",
  "pk": 72,
  "fields": {
    "user": 1,
    "success": true,
    "failure_reason": "",
    "ip_address": "127.0.0.1",
    "user_agent": "Mozilla/5.0 (Windows NT 10.0; Win64; x64) AppleWebKit/537.36 (KHTML, like Gecko) Chrome/144.0.0.0 Safari/537.36",
    "location": "",
    "created_at": "2026-02-13T12:09:01.176Z"
  }
},
{
  "model": "accounts.loginhistory",
  "pk": 73,
  "fields": {
    "user": 1,
    "success": true,
    "failure_reason": "",
    "ip_address": "127.0.0.1",
    "user_agent": "Mozilla/5.0 (Windows NT 10.0; Win64; x64) AppleWebKit/537.36 (KHTML, like Gecko) Chrome/144.0.0.0 Safari/537.36",
    "location": "",
    "created_at": "2026-02-13T12:14:56.456Z"
  }
},
{
  "model": "accounts.loginhistory",
  "pk": 74,
  "fields": {
    "user": 1,
    "success": true,
    "failure_reason": "",
    "ip_address": "127.0.0.1",
    "user_agent": "Mozilla/5.0 (Windows NT 10.0; Win64; x64) AppleWebKit/537.36 (KHTML, like Gecko) Chrome/144.0.0.0 Safari/537.36",
    "location": "",
    "created_at": "2026-02-13T12:20:01.927Z"
  }
},
{
  "model": "accounts.loginhistory",
  "pk": 75,
  "fields": {
    "user": 1,
    "success": true,
    "failure_reason": "",
    "ip_address": "127.0.0.1",
    "user_agent": "Mozilla/5.0 (Windows NT 10.0; Win64; x64) AppleWebKit/537.36 (KHTML, like Gecko) Chrome/144.0.0.0 Safari/537.36",
    "location": "",
    "created_at": "2026-02-13T12:26:12.133Z"
  }
},
{
  "model": "accounts.loginhistory",
  "pk": 76,
  "fields": {
    "user": 1,
    "success": true,
    "failure_reason": "",
    "ip_address": "127.0.0.1",
    "user_agent": "Mozilla/5.0 (Windows NT 10.0; Win64; x64) AppleWebKit/537.36 (KHTML, like Gecko) Chrome/144.0.0.0 Safari/537.36",
    "location": "",
    "created_at": "2026-02-13T12:31:16.442Z"
  }
},
{
  "model": "accounts.loginhistory",
  "pk": 77,
  "fields": {
    "user": 1,
    "success": true,
    "failure_reason": "",
    "ip_address": "127.0.0.1",
    "user_agent": "Mozilla/5.0 (Windows NT 10.0; Win64; x64) AppleWebKit/537.36 (KHTML, like Gecko) Chrome/144.0.0.0 Safari/537.36",
    "location": "",
    "created_at": "2026-02-13T12:38:33.183Z"
  }
},
{
  "model": "accounts.loginhistory",
  "pk": 78,
  "fields": {
    "user": 1,
    "success": true,
    "failure_reason": "",
    "ip_address": "127.0.0.1",
    "user_agent": "Mozilla/5.0 (Windows NT 10.0; Win64; x64) AppleWebKit/537.36 (KHTML, like Gecko) Chrome/144.0.0.0 Safari/537.36",
    "location": "",
    "created_at": "2026-02-13T12:46:07.592Z"
  }
},
{
  "model": "accounts.loginhistory",
  "pk": 79,
  "fields": {
    "user": 1,
    "success": true,
    "failure_reason": "",
    "ip_address": "127.0.0.1",
    "user_agent": "Mozilla/5.0 (Windows NT 10.0; Win64; x64) AppleWebKit/537.36 (KHTML, like Gecko) Chrome/144.0.0.0 Safari/537.36",
    "location": "",
    "created_at": "2026-02-13T13:03:07.884Z"
  }
},
{
  "model": "accounts.loginhistory",
  "pk": 80,
  "fields": {
    "user": 1,
    "success": true,
    "failure_reason": "",
    "ip_address": "127.0.0.1",
    "user_agent": "Mozilla/5.0 (Windows NT 10.0; Win64; x64) AppleWebKit/537.36 (KHTML, like Gecko) Chrome/144.0.0.0 Safari/537.36",
    "location": "",
    "created_at": "2026-02-13T13:12:16.525Z"
  }
},
{
  "model": "accounts.loginhistory",
  "pk": 81,
  "fields": {
    "user": 1,
    "success": true,
    "failure_reason": "",
    "ip_address": "127.0.0.1",
    "user_agent": "Mozilla/5.0 (Windows NT 10.0; Win64; x64) AppleWebKit/537.36 (KHTML, like Gecko) Chrome/144.0.0.0 Safari/537.36",
    "location": "",
    "created_at": "2026-02-13T13:18:44.315Z"
  }
},
{
  "model": "accounts.loginhistory",
  "pk": 82,
  "fields": {
    "user": 1,
    "success": true,
    "failure_reason": "",
    "ip_address": "127.0.0.1",
    "user_agent": "Mozilla/5.0 (Windows NT 10.0; Win64; x64) AppleWebKit/537.36 (KHTML, like Gecko) Chrome/144.0.0.0 Safari/537.36",
    "location": "",
    "created_at": "2026-02-13T23:36:18.594Z"
  }
},
{
  "model": "accounts.loginhistory",
  "pk": 83,
  "fields": {
    "user": 1,
    "success": true,
    "failure_reason": "",
    "ip_address": "127.0.0.1",
    "user_agent": "Mozilla/5.0 (Windows NT 10.0; Win64; x64) AppleWebKit/537.36 (KHTML, like Gecko) Chrome/144.0.0.0 Safari/537.36",
    "location": "",
    "created_at": "2026-02-13T23:44:23.505Z"
  }
},
{
  "model": "accounts.loginhistory",
  "pk": 84,
  "fields": {
    "user": 1,
    "success": true,
    "failure_reason": "",
    "ip_address": "127.0.0.1",
    "user_agent": "Mozilla/5.0 (Windows NT 10.0; Win64; x64) AppleWebKit/537.36 (KHTML, like Gecko) Chrome/144.0.0.0 Safari/537.36",
    "location": "",
    "created_at": "2026-02-13T23:52:46.618Z"
  }
},
{
  "model": "accounts.loginhistory",
  "pk": 85,
  "fields": {
    "user": 1,
    "success": true,
    "failure_reason": "",
    "ip_address": "127.0.0.1",
    "user_agent": "Mozilla/5.0 (Windows NT 10.0; Win64; x64) AppleWebKit/537.36 (KHTML, like Gecko) Chrome/144.0.0.0 Safari/537.36",
    "location": "",
    "created_at": "2026-02-13T23:59:32.898Z"
  }
},
{
  "model": "accounts.loginhistory",
  "pk": 86,
  "fields": {
    "user": 1,
    "success": true,
    "failure_reason": "",
    "ip_address": "127.0.0.1",
    "user_agent": "Mozilla/5.0 (Windows NT 10.0; Win64; x64) AppleWebKit/537.36 (KHTML, like Gecko) Chrome/144.0.0.0 Safari/537.36",
    "location": "",
    "created_at": "2026-02-14T00:06:38.271Z"
  }
},
{
  "model": "accounts.loginhistory",
  "pk": 87,
  "fields": {
    "user": 1,
    "success": true,
    "failure_reason": "",
    "ip_address": "127.0.0.1",
    "user_agent": "Mozilla/5.0 (Windows NT 10.0; Win64; x64) AppleWebKit/537.36 (KHTML, like Gecko) Chrome/144.0.0.0 Safari/537.36",
    "location": "",
    "created_at": "2026-02-14T00:36:22.692Z"
  }
},
{
  "model": "accounts.loginhistory",
  "pk": 88,
  "fields": {
    "user": 1,
    "success": true,
    "failure_reason": "",
    "ip_address": "127.0.0.1",
    "user_agent": "Mozilla/5.0 (Windows NT 10.0; Win64; x64) AppleWebKit/537.36 (KHTML, like Gecko) Chrome/144.0.0.0 Safari/537.36",
    "location": "",
    "created_at": "2026-02-14T00:45:34.364Z"
  }
},
{
  "model": "accounts.loginhistory",
  "pk": 89,
  "fields": {
    "user": 1,
    "success": true,
    "failure_reason": "",
    "ip_address": "127.0.0.1",
    "user_agent": "Mozilla/5.0 (Windows NT 10.0; Win64; x64) AppleWebKit/537.36 (KHTML, like Gecko) Chrome/144.0.0.0 Safari/537.36",
    "location": "",
    "created_at": "2026-02-14T00:50:37.346Z"
  }
},
{
  "model": "accounts.loginhistory",
  "pk": 90,
  "fields": {
    "user": 1,
    "success": true,
    "failure_reason": "",
    "ip_address": "127.0.0.1",
    "user_agent": "Mozilla/5.0 (Windows NT 10.0; Win64; x64) AppleWebKit/537.36 (KHTML, like Gecko) Chrome/144.0.0.0 Safari/537.36",
    "location": "",
    "created_at": "2026-02-14T01:01:43.579Z"
  }
},
{
  "model": "accounts.loginhistory",
  "pk": 91,
  "fields": {
    "user": 1,
    "success": true,
    "failure_reason": "",
    "ip_address": "127.0.0.1",
    "user_agent": "Mozilla/5.0 (Windows NT 10.0; Win64; x64) AppleWebKit/537.36 (KHTML, like Gecko) Chrome/144.0.0.0 Safari/537.36",
    "location": "",
    "created_at": "2026-02-14T01:09:07.565Z"
  }
},
{
  "model": "accounts.loginhistory",
  "pk": 92,
  "fields": {
    "user": 1,
    "success": true,
    "failure_reason": "",
    "ip_address": "127.0.0.1",
    "user_agent": "Mozilla/5.0 (Windows NT 10.0; Win64; x64) AppleWebKit/537.36 (KHTML, like Gecko) Chrome/144.0.0.0 Safari/537.36",
    "location": "",
    "created_at": "2026-02-14T11:38:17.555Z"
  }
},
{
  "model": "accounts.loginhistory",
  "pk": 93,
  "fields": {
    "user": 2,
    "success": true,
    "failure_reason": "",
    "ip_address": "127.0.0.1",
    "user_agent": "Mozilla/5.0 (Windows NT 10.0; Win64; x64) AppleWebKit/537.36 (KHTML, like Gecko) Chrome/144.0.0.0 Safari/537.36",
    "location": "",
    "created_at": "2026-02-14T11:39:30.350Z"
  }
},
{
  "model": "accounts.loginhistory",
  "pk": 94,
  "fields": {
    "user": 1,
    "success": true,
    "failure_reason": "",
    "ip_address": "127.0.0.1",
    "user_agent": "Mozilla/5.0 (Windows NT 10.0; Win64; x64) AppleWebKit/537.36 (KHTML, like Gecko) Chrome/144.0.0.0 Safari/537.36",
    "location": "",
    "created_at": "2026-02-15T14:15:47.355Z"
  }
},
{
  "model": "accounts.loginhistory",
  "pk": 95,
  "fields": {
    "user": 2,
    "success": true,
    "failure_reason": "",
    "ip_address": "127.0.0.1",
    "user_agent": "Mozilla/5.0 (Windows NT 10.0; Win64; x64) AppleWebKit/537.36 (KHTML, like Gecko) Chrome/144.0.0.0 Safari/537.36",
    "location": "",
    "created_at": "2026-02-15T14:17:18.016Z"
  }
},
{
  "model": "accounts.loginhistory",
  "pk": 96,
  "fields": {
    "user": 1,
    "success": true,
    "failure_reason": "",
    "ip_address": "127.0.0.1",
    "user_agent": "Mozilla/5.0 (Windows NT 10.0; Win64; x64) AppleWebKit/537.36 (KHTML, like Gecko) Chrome/144.0.0.0 Safari/537.36",
    "location": "",
    "created_at": "2026-02-15T14:20:49.023Z"
  }
},
{
  "model": "accounts.loginhistory",
  "pk": 97,
  "fields": {
    "user": 1,
    "success": true,
    "failure_reason": "",
    "ip_address": "127.0.0.1",
    "user_agent": "Mozilla/5.0 (Windows NT 10.0; Win64; x64) AppleWebKit/537.36 (KHTML, like Gecko) Chrome/144.0.0.0 Safari/537.36",
    "location": "",
    "created_at": "2026-02-15T14:30:46.985Z"
  }
},
{
  "model": "accounts.loginhistory",
  "pk": 98,
  "fields": {
    "user": 1,
    "success": true,
    "failure_reason": "",
    "ip_address": "127.0.0.1",
    "user_agent": "Mozilla/5.0 (Windows NT 10.0; Win64; x64) AppleWebKit/537.36 (KHTML, like Gecko) Chrome/144.0.0.0 Safari/537.36",
    "location": "",
    "created_at": "2026-02-15T14:40:12.877Z"
  }
},
{
  "model": "accounts.loginhistory",
  "pk": 99,
  "fields": {
    "user": 1,
    "success": true,
    "failure_reason": "",
    "ip_address": "127.0.0.1",
    "user_agent": "Mozilla/5.0 (Windows NT 10.0; Win64; x64) AppleWebKit/537.36 (KHTML, like Gecko) Chrome/144.0.0.0 Safari/537.36",
    "location": "",
    "created_at": "2026-02-15T14:49:09.524Z"
  }
},
{
  "model": "accounts.loginhistory",
  "pk": 100,
  "fields": {
    "user": 1,
    "success": true,
    "failure_reason": "",
    "ip_address": "127.0.0.1",
    "user_agent": "Mozilla/5.0 (Windows NT 10.0; Win64; x64) AppleWebKit/537.36 (KHTML, like Gecko) Chrome/144.0.0.0 Safari/537.36",
    "location": "",
    "created_at": "2026-02-15T16:11:11.552Z"
  }
},
{
  "model": "accounts.loginhistory",
  "pk": 101,
  "fields": {
    "user": 1,
    "success": true,
    "failure_reason": "",
    "ip_address": "127.0.0.1",
    "user_agent": "Mozilla/5.0 (Windows NT 10.0; Win64; x64) AppleWebKit/537.36 (KHTML, like Gecko) Chrome/144.0.0.0 Safari/537.36",
    "location": "",
    "created_at": "2026-02-15T16:16:16.948Z"
  }
},
{
  "model": "accounts.loginhistory",
  "pk": 102,
  "fields": {
    "user": 2,
    "success": true,
    "failure_reason": "",
    "ip_address": "127.0.0.1",
    "user_agent": "Mozilla/5.0 (Windows NT 10.0; Win64; x64) AppleWebKit/537.36 (KHTML, like Gecko) Chrome/144.0.0.0 Safari/537.36",
    "location": "",
    "created_at": "2026-02-15T16:17:48.727Z"
  }
},
{
  "model": "accounts.loginhistory",
  "pk": 103,
  "fields": {
    "user": 1,
    "success": true,
    "failure_reason": "",
    "ip_address": "127.0.0.1",
    "user_agent": "Mozilla/5.0 (Windows NT 10.0; Win64; x64) AppleWebKit/537.36 (KHTML, like Gecko) Chrome/144.0.0.0 Safari/537.36",
    "location": "",
    "created_at": "2026-02-15T16:22:07.796Z"
  }
},
{
  "model": "accounts.loginhistory",
  "pk": 104,
  "fields": {
    "user": 2,
    "success": true,
    "failure_reason": "",
    "ip_address": "127.0.0.1",
    "user_agent": "Mozilla/5.0 (Windows NT 10.0; Win64; x64) AppleWebKit/537.36 (KHTML, like Gecko) Chrome/144.0.0.0 Safari/537.36",
    "location": "",
    "created_at": "2026-02-15T16:24:16.967Z"
  }
},
{
  "model": "accounts.loginhistory",
  "pk": 105,
  "fields": {
    "user": 2,
    "success": true,
    "failure_reason": "",
    "ip_address": "127.0.0.1",
    "user_agent": "Mozilla/5.0 (Windows NT 10.0; Win64; x64) AppleWebKit/537.36 (KHTML, like Gecko) Chrome/144.0.0.0 Safari/537.36",
    "location": "",
    "created_at": "2026-02-15T16:31:53.372Z"
  }
},
{
  "model": "accounts.loginhistory",
  "pk": 106,
  "fields": {
    "user": 1,
    "success": true,
    "failure_reason": "",
    "ip_address": "127.0.0.1",
    "user_agent": "Mozilla/5.0 (Windows NT 10.0; Win64; x64) AppleWebKit/537.36 (KHTML, like Gecko) Chrome/144.0.0.0 Safari/537.36",
    "location": "",
    "created_at": "2026-02-15T16:32:13.456Z"
  }
},
{
  "model": "accounts.loginhistory",
  "pk": 107,
  "fields": {
    "user": 1,
    "success": true,
    "failure_reason": "",
    "ip_address": "127.0.0.1",
    "user_agent": "Mozilla/5.0 (Windows NT 10.0; Win64; x64) AppleWebKit/537.36 (KHTML, like Gecko) Chrome/144.0.0.0 Safari/537.36",
    "location": "",
    "created_at": "2026-02-15T16:40:29.985Z"
  }
},
{
  "model": "accounts.loginhistory",
  "pk": 108,
  "fields": {
    "user": 1,
    "success": true,
    "failure_reason": "",
    "ip_address": "127.0.0.1",
    "user_agent": "Mozilla/5.0 (Windows NT 10.0; Win64; x64) AppleWebKit/537.36 (KHTML, like Gecko) Chrome/144.0.0.0 Safari/537.36",
    "location": "",
    "created_at": "2026-02-15T16:46:36.625Z"
  }
},
{
  "model": "accounts.loginhistory",
  "pk": 109,
  "fields": {
    "user": 1,
    "success": true,
    "failure_reason": "",
    "ip_address": "127.0.0.1",
    "user_agent": "Mozilla/5.0 (Windows NT 10.0; Win64; x64) AppleWebKit/537.36 (KHTML, like Gecko) Chrome/144.0.0.0 Safari/537.36",
    "location": "",
    "created_at": "2026-02-15T16:51:54.932Z"
  }
},
{
  "model": "accounts.loginhistory",
  "pk": 110,
  "fields": {
    "user": 2,
    "success": true,
    "failure_reason": "",
    "ip_address": "127.0.0.1",
    "user_agent": "Mozilla/5.0 (Windows NT 10.0; Win64; x64) AppleWebKit/537.36 (KHTML, like Gecko) Chrome/144.0.0.0 Safari/537.36",
    "location": "",
    "created_at": "2026-02-15T16:52:24.934Z"
  }
},
{
  "model": "accounts.loginhistory",
  "pk": 111,
  "fields": {
    "user": 2,
    "success": true,
    "failure_reason": "",
    "ip_address": "127.0.0.1",
    "user_agent": "Mozilla/5.0 (Windows NT 10.0; Win64; x64) AppleWebKit/537.36 (KHTML, like Gecko) Chrome/144.0.0.0 Safari/537.36",
    "location": "",
    "created_at": "2026-02-15T17:33:11.216Z"
  }
},
{
  "model": "accounts.loginhistory",
  "pk": 112,
  "fields": {
    "user": 1,
    "success": true,
    "failure_reason": "",
    "ip_address": "127.0.0.1",
    "user_agent": "Mozilla/5.0 (Windows NT 10.0; Win64; x64) AppleWebKit/537.36 (KHTML, like Gecko) Chrome/144.0.0.0 Safari/537.36",
    "location": "",
    "created_at": "2026-02-15T17:33:36.628Z"
  }
},
{
  "model": "accounts.loginhistory",
  "pk": 113,
  "fields": {
    "user": 1,
    "success": true,
    "failure_reason": "",
    "ip_address": "127.0.0.1",
    "user_agent": "Mozilla/5.0 (Windows NT 10.0; Win64; x64) AppleWebKit/537.36 (KHTML, like Gecko) Chrome/144.0.0.0 Safari/537.36",
    "location": "",
    "created_at": "2026-02-15T17:39:49.256Z"
  }
},
{
  "model": "accounts.loginhistory",
  "pk": 114,
  "fields": {
    "user": 1,
    "success": true,
    "failure_reason": "",
    "ip_address": "127.0.0.1",
    "user_agent": "Mozilla/5.0 (Windows NT 10.0; Win64; x64) AppleWebKit/537.36 (KHTML, like Gecko) Chrome/144.0.0.0 Safari/537.36",
    "location": "",
    "created_at": "2026-02-15T17:47:33.910Z"
  }
},
{
  "model": "accounts.loginhistory",
  "pk": 115,
  "fields": {
    "user": 1,
    "success": true,
    "failure_reason": "",
    "ip_address": "127.0.0.1",
    "user_agent": "Mozilla/5.0 (Windows NT 10.0; Win64; x64) AppleWebKit/537.36 (KHTML, like Gecko) Chrome/144.0.0.0 Safari/537.36",
    "location": "",
    "created_at": "2026-02-15T18:03:34.894Z"
  }
},
{
  "model": "accounts.loginhistory",
  "pk": 116,
  "fields": {
    "user": 1,
    "success": true,
    "failure_reason": "",
    "ip_address": "127.0.0.1",
    "user_agent": "Mozilla/5.0 (Windows NT 10.0; Win64; x64) AppleWebKit/537.36 (KHTML, like Gecko) Chrome/144.0.0.0 Safari/537.36",
    "location": "",
    "created_at": "2026-02-15T18:31:52.812Z"
  }
},
{
  "model": "accounts.loginhistory",
  "pk": 117,
  "fields": {
    "user": 2,
    "success": true,
    "failure_reason": "",
    "ip_address": "127.0.0.1",
    "user_agent": "Mozilla/5.0 (Windows NT 10.0; Win64; x64) AppleWebKit/537.36 (KHTML, like Gecko) Chrome/144.0.0.0 Safari/537.36",
    "location": "",
    "created_at": "2026-02-15T18:35:02.654Z"
  }
},
{
  "model": "accounts.loginhistory",
  "pk": 118,
  "fields": {
    "user": 1,
    "success": true,
    "failure_reason": "",
    "ip_address": "127.0.0.1",
    "user_agent": "Mozilla/5.0 (Windows NT 10.0; Win64; x64) AppleWebKit/537.36 (KHTML, like Gecko) Chrome/144.0.0.0 Safari/537.36",
    "location": "",
    "created_at": "2026-02-15T18:38:54.778Z"
  }
},
{
  "model": "accounts.loginhistory",
  "pk": 119,
  "fields": {
    "user": 1,
    "success": true,
    "failure_reason": "",
    "ip_address": "127.0.0.1",
    "user_agent": "Mozilla/5.0 (Windows NT 10.0; Win64; x64) AppleWebKit/537.36 (KHTML, like Gecko) Chrome/144.0.0.0 Safari/537.36",
    "location": "",
    "created_at": "2026-02-15T18:44:42.266Z"
  }
},
{
  "model": "accounts.loginhistory",
  "pk": 120,
  "fields": {
    "user": 1,
    "success": true,
    "failure_reason": "",
    "ip_address": "127.0.0.1",
    "user_agent": "Mozilla/5.0 (Windows NT 10.0; Win64; x64) AppleWebKit/537.36 (KHTML, like Gecko) Chrome/144.0.0.0 Safari/537.36",
    "location": "",
    "created_at": "2026-02-15T18:52:46.489Z"
  }
},
{
  "model": "accounts.loginhistory",
  "pk": 121,
  "fields": {
    "user": 1,
    "success": true,
    "failure_reason": "",
    "ip_address": "127.0.0.1",
    "user_agent": "Mozilla/5.0 (Windows NT 10.0; Win64; x64) AppleWebKit/537.36 (KHTML, like Gecko) Chrome/144.0.0.0 Safari/537.36",
    "location": "",
    "created_at": "2026-02-15T19:00:22.389Z"
  }
},
{
  "model": "accounts.loginhistory",
  "pk": 122,
  "fields": {
    "user": 1,
    "success": true,
    "failure_reason": "",
    "ip_address": "127.0.0.1",
    "user_agent": "Mozilla/5.0 (Windows NT 10.0; Win64; x64) AppleWebKit/537.36 (KHTML, like Gecko) Chrome/144.0.0.0 Safari/537.36",
    "location": "",
    "created_at": "2026-02-15T19:25:30.773Z"
  }
},
{
  "model": "accounts.loginhistory",
  "pk": 123,
  "fields": {
    "user": 1,
    "success": true,
    "failure_reason": "",
    "ip_address": "127.0.0.1",
    "user_agent": "Mozilla/5.0 (Windows NT 10.0; Win64; x64) AppleWebKit/537.36 (KHTML, like Gecko) Chrome/144.0.0.0 Safari/537.36",
    "location": "",
    "created_at": "2026-02-15T19:32:31.392Z"
  }
},
{
  "model": "accounts.loginhistory",
  "pk": 124,
  "fields": {
    "user": 1,
    "success": true,
    "failure_reason": "",
    "ip_address": "127.0.0.1",
    "user_agent": "Mozilla/5.0 (Windows NT 10.0; Win64; x64) AppleWebKit/537.36 (KHTML, like Gecko) Chrome/144.0.0.0 Safari/537.36",
    "location": "",
    "created_at": "2026-02-15T19:40:34.517Z"
  }
},
{
  "model": "accounts.loginhistory",
  "pk": 125,
  "fields": {
    "user": 1,
    "success": true,
    "failure_reason": "",
    "ip_address": "127.0.0.1",
    "user_agent": "Mozilla/5.0 (Windows NT 10.0; Win64; x64) AppleWebKit/537.36 (KHTML, like Gecko) Chrome/144.0.0.0 Safari/537.36",
    "location": "",
    "created_at": "2026-02-15T19:45:38.883Z"
  }
},
{
  "model": "accounts.loginhistory",
  "pk": 126,
  "fields": {
    "user": 1,
    "success": true,
    "failure_reason": "",
    "ip_address": "127.0.0.1",
    "user_agent": "Mozilla/5.0 (Windows NT 10.0; Win64; x64) AppleWebKit/537.36 (KHTML, like Gecko) Chrome/144.0.0.0 Safari/537.36",
    "location": "",
    "created_at": "2026-02-16T08:23:03.479Z"
  }
},
{
  "model": "accounts.loginhistory",
  "pk": 127,
  "fields": {
    "user": 1,
    "success": true,
    "failure_reason": "",
    "ip_address": "127.0.0.1",
    "user_agent": "Mozilla/5.0 (Windows NT 10.0; Win64; x64) AppleWebKit/537.36 (KHTML, like Gecko) Chrome/144.0.0.0 Safari/537.36",
    "location": "",
    "created_at": "2026-02-16T08:29:28.806Z"
  }
},
{
  "model": "accounts.loginhistory",
  "pk": 128,
  "fields": {
    "user": 1,
    "success": true,
    "failure_reason": "",
    "ip_address": "127.0.0.1",
    "user_agent": "Mozilla/5.0 (Windows NT 10.0; Win64; x64) AppleWebKit/537.36 (KHTML, like Gecko) Chrome/144.0.0.0 Safari/537.36",
    "location": "",
    "created_at": "2026-02-16T08:42:30.640Z"
  }
},
{
  "model": "accounts.loginhistory",
  "pk": 129,
  "fields": {
    "user": 1,
    "success": true,
    "failure_reason": "",
    "ip_address": "127.0.0.1",
    "user_agent": "Mozilla/5.0 (Windows NT 10.0; Win64; x64) AppleWebKit/537.36 (KHTML, like Gecko) Chrome/144.0.0.0 Safari/537.36",
    "location": "",
    "created_at": "2026-02-16T08:50:33.767Z"
  }
},
{
  "model": "accounts.loginhistory",
  "pk": 130,
  "fields": {
    "user": 1,
    "success": true,
    "failure_reason": "",
    "ip_address": "127.0.0.1",
    "user_agent": "Mozilla/5.0 (Windows NT 10.0; Win64; x64) AppleWebKit/537.36 (KHTML, like Gecko) Chrome/144.0.0.0 Safari/537.36",
    "location": "",
    "created_at": "2026-02-16T08:56:22.985Z"
  }
},
{
  "model": "accounts.loginhistory",
  "pk": 131,
  "fields": {
    "user": 1,
    "success": true,
    "failure_reason": "",
    "ip_address": "127.0.0.1",
    "user_agent": "Mozilla/5.0 (Windows NT 10.0; Win64; x64) AppleWebKit/537.36 (KHTML, like Gecko) Chrome/144.0.0.0 Safari/537.36",
    "location": "",
    "created_at": "2026-02-16T09:03:33.974Z"
  }
},
{
  "model": "accounts.loginhistory",
  "pk": 132,
  "fields": {
    "user": 1,
    "success": true,
    "failure_reason": "",
    "ip_address": "127.0.0.1",
    "user_agent": "Mozilla/5.0 (Windows NT 10.0; Win64; x64) AppleWebKit/537.36 (KHTML, like Gecko) Chrome/144.0.0.0 Safari/537.36",
    "location": "",
    "created_at": "2026-02-16T09:21:51.693Z"
  }
},
{
  "model": "accounts.loginhistory",
  "pk": 133,
  "fields": {
    "user": 2,
    "success": true,
    "failure_reason": "",
    "ip_address": "127.0.0.1",
    "user_agent": "Mozilla/5.0 (Windows NT 10.0; Win64; x64) AppleWebKit/537.36 (KHTML, like Gecko) Chrome/144.0.0.0 Safari/537.36",
    "location": "",
    "created_at": "2026-02-16T09:26:39.826Z"
  }
},
{
  "model": "accounts.loginhistory",
  "pk": 134,
  "fields": {
    "user": 2,
    "success": true,
    "failure_reason": "",
    "ip_address": "127.0.0.1",
    "user_agent": "Mozilla/5.0 (Windows NT 10.0; Win64; x64) AppleWebKit/537.36 (KHTML, like Gecko) Chrome/144.0.0.0 Safari/537.36",
    "location": "",
    "created_at": "2026-02-16T09:32:28.303Z"
  }
},
{
  "model": "accounts.loginhistory",
  "pk": 135,
  "fields": {
    "user": 1,
    "success": true,
    "failure_reason": "",
    "ip_address": "127.0.0.1",
    "user_agent": "Mozilla/5.0 (Windows NT 10.0; Win64; x64) AppleWebKit/537.36 (KHTML, like Gecko) Chrome/144.0.0.0 Safari/537.36",
    "location": "",
    "created_at": "2026-02-16T09:32:35.905Z"
  }
},
{
  "model": "accounts.loginhistory",
  "pk": 136,
  "fields": {
    "user": 1,
    "success": true,
    "failure_reason": "",
    "ip_address": "127.0.0.1",
    "user_agent": "Mozilla/5.0 (Windows NT 10.0; Win64; x64) AppleWebKit/537.36 (KHTML, like Gecko) Chrome/144.0.0.0 Safari/537.36",
    "location": "",
    "created_at": "2026-02-16T09:46:47.725Z"
  }
},
{
  "model": "accounts.loginhistory",
  "pk": 137,
  "fields": {
    "user": 1,
    "success": true,
    "failure_reason": "",
    "ip_address": "127.0.0.1",
    "user_agent": "Mozilla/5.0 (Windows NT 10.0; Win64; x64) AppleWebKit/537.36 (KHTML, like Gecko) Chrome/144.0.0.0 Safari/537.36",
    "location": "",
    "created_at": "2026-02-16T10:01:28.791Z"
  }
},
{
  "model": "accounts.loginhistory",
  "pk": 138,
  "fields": {
    "user": 1,
    "success": true,
    "failure_reason": "",
    "ip_address": "127.0.0.1",
    "user_agent": "Mozilla/5.0 (Windows NT 10.0; Win64; x64) AppleWebKit/537.36 (KHTML, like Gecko) Chrome/144.0.0.0 Safari/537.36",
    "location": "",
    "created_at": "2026-02-16T10:09:14.556Z"
  }
},
{
  "model": "accounts.loginhistory",
  "pk": 139,
  "fields": {
    "user": 1,
    "success": true,
    "failure_reason": "",
    "ip_address": "127.0.0.1",
    "user_agent": "Mozilla/5.0 (Windows NT 10.0; Win64; x64) AppleWebKit/537.36 (KHTML, like Gecko) Chrome/144.0.0.0 Safari/537.36",
    "location": "",
    "created_at": "2026-02-16T10:15:05.307Z"
  }
},
{
  "model": "accounts.loginhistory",
  "pk": 140,
  "fields": {
    "user": 1,
    "success": true,
    "failure_reason": "",
    "ip_address": "127.0.0.1",
    "user_agent": "Mozilla/5.0 (Windows NT 10.0; Win64; x64) AppleWebKit/537.36 (KHTML, like Gecko) Chrome/144.0.0.0 Safari/537.36",
    "location": "",
    "created_at": "2026-02-16T10:20:39.707Z"
  }
},
{
  "model": "accounts.loginhistory",
  "pk": 141,
  "fields": {
    "user": 1,
    "success": true,
    "failure_reason": "",
    "ip_address": "127.0.0.1",
    "user_agent": "Mozilla/5.0 (Windows NT 10.0; Win64; x64) AppleWebKit/537.36 (KHTML, like Gecko) Chrome/144.0.0.0 Safari/537.36",
    "location": "",
    "created_at": "2026-02-16T10:26:01.676Z"
  }
},
{
  "model": "accounts.loginhistory",
  "pk": 142,
  "fields": {
    "user": 1,
    "success": true,
    "failure_reason": "",
    "ip_address": "127.0.0.1",
    "user_agent": "Mozilla/5.0 (Windows NT 10.0; Win64; x64) AppleWebKit/537.36 (KHTML, like Gecko) Chrome/144.0.0.0 Safari/537.36",
    "location": "",
    "created_at": "2026-02-16T10:31:21.605Z"
  }
},
{
  "model": "accounts.loginhistory",
  "pk": 143,
  "fields": {
    "user": 1,
    "success": true,
    "failure_reason": "",
    "ip_address": "127.0.0.1",
    "user_agent": "Mozilla/5.0 (Windows NT 10.0; Win64; x64) AppleWebKit/537.36 (KHTML, like Gecko) Chrome/144.0.0.0 Safari/537.36",
    "location": "",
    "created_at": "2026-02-16T10:37:43.286Z"
  }
},
{
  "model": "accounts.loginhistory",
  "pk": 144,
  "fields": {
    "user": 1,
    "success": true,
    "failure_reason": "",
    "ip_address": "127.0.0.1",
    "user_agent": "Mozilla/5.0 (Windows NT 10.0; Win64; x64) AppleWebKit/537.36 (KHTML, like Gecko) Chrome/144.0.0.0 Safari/537.36",
    "location": "",
    "created_at": "2026-02-16T10:43:49.332Z"
  }
},
{
  "model": "accounts.loginhistory",
  "pk": 145,
  "fields": {
    "user": 1,
    "success": true,
    "failure_reason": "",
    "ip_address": "127.0.0.1",
    "user_agent": "Mozilla/5.0 (Windows NT 10.0; Win64; x64) AppleWebKit/537.36 (KHTML, like Gecko) Chrome/144.0.0.0 Safari/537.36",
    "location": "",
    "created_at": "2026-02-16T10:49:19.023Z"
  }
},
{
  "model": "accounts.loginhistory",
  "pk": 146,
  "fields": {
    "user": 1,
    "success": true,
    "failure_reason": "",
    "ip_address": "127.0.0.1",
    "user_agent": "Mozilla/5.0 (Windows NT 10.0; Win64; x64) AppleWebKit/537.36 (KHTML, like Gecko) Chrome/144.0.0.0 Safari/537.36",
    "location": "",
    "created_at": "2026-02-16T11:06:02.689Z"
  }
},
{
  "model": "accounts.loginhistory",
  "pk": 147,
  "fields": {
    "user": 1,
    "success": true,
    "failure_reason": "",
    "ip_address": "127.0.0.1",
    "user_agent": "Mozilla/5.0 (Windows NT 10.0; Win64; x64) AppleWebKit/537.36 (KHTML, like Gecko) Chrome/144.0.0.0 Safari/537.36",
    "location": "",
    "created_at": "2026-02-16T11:22:51.131Z"
  }
},
{
  "model": "accounts.loginhistory",
  "pk": 148,
  "fields": {
    "user": 1,
    "success": true,
    "failure_reason": "",
    "ip_address": "127.0.0.1",
    "user_agent": "Mozilla/5.0 (Windows NT 10.0; Win64; x64) AppleWebKit/537.36 (KHTML, like Gecko) Chrome/144.0.0.0 Safari/537.36",
    "location": "",
    "created_at": "2026-02-16T11:29:05.623Z"
  }
},
{
  "model": "accounts.loginhistory",
  "pk": 149,
  "fields": {
    "user": 1,
    "success": true,
    "failure_reason": "",
    "ip_address": "127.0.0.1",
    "user_agent": "Mozilla/5.0 (Windows NT 10.0; Win64; x64) AppleWebKit/537.36 (KHTML, like Gecko) Chrome/144.0.0.0 Safari/537.36",
    "location": "",
    "created_at": "2026-02-16T11:34:13.679Z"
  }
},
{
  "model": "accounts.loginhistory",
  "pk": 150,
  "fields": {
    "user": 1,
    "success": true,
    "failure_reason": "",
    "ip_address": "127.0.0.1",
    "user_agent": "Mozilla/5.0 (Windows NT 10.0; Win64; x64) AppleWebKit/537.36 (KHTML, like Gecko) Chrome/144.0.0.0 Safari/537.36",
    "location": "",
    "created_at": "2026-02-16T11:39:59.738Z"
  }
},
{
  "model": "accounts.loginhistory",
  "pk": 151,
  "fields": {
    "user": 1,
    "success": true,
    "failure_reason": "",
    "ip_address": "127.0.0.1",
    "user_agent": "Mozilla/5.0 (Windows NT 10.0; Win64; x64) AppleWebKit/537.36 (KHTML, like Gecko) Chrome/144.0.0.0 Safari/537.36",
    "location": "",
    "created_at": "2026-02-16T11:45:36.524Z"
  }
},
{
  "model": "accounts.loginhistory",
  "pk": 152,
  "fields": {
    "user": 1,
    "success": true,
    "failure_reason": "",
    "ip_address": "127.0.0.1",
    "user_agent": "Mozilla/5.0 (Windows NT 10.0; Win64; x64) AppleWebKit/537.36 (KHTML, like Gecko) Chrome/144.0.0.0 Safari/537.36",
    "location": "",
    "created_at": "2026-02-16T12:01:02.906Z"
  }
},
{
  "model": "accounts.loginhistory",
  "pk": 153,
  "fields": {
    "user": 1,
    "success": true,
    "failure_reason": "",
    "ip_address": "127.0.0.1",
    "user_agent": "Mozilla/5.0 (Windows NT 10.0; Win64; x64) AppleWebKit/537.36 (KHTML, like Gecko) Chrome/144.0.0.0 Safari/537.36",
    "location": "",
    "created_at": "2026-02-16T12:06:35.870Z"
  }
},
{
  "model": "accounts.profileauditlog",
  "pk": 1,
  "fields": {
    "user": 1,
    "action": "update_personal",
    "field_changed": "first_name",
    "old_value": "Vladimir",
    "new_value": "Vladimir",
    "ip_address": "127.0.0.1",
    "user_agent": "Mozilla/5.0 (Windows NT 10.0; Win64; x64) AppleWebKit/537.36 (KHTML, like Gecko) Chrome/144.0.0.0 Safari/537.36",
    "created_at": "2026-02-08T02:22:25.030Z"
  }
},
{
  "model": "accounts.profileauditlog",
  "pk": 2,
  "fields": {
    "user": 1,
    "action": "update_personal",
    "field_changed": "last_name",
    "old_value": "Marfetan",
    "new_value": "Marfetan",
    "ip_address": "127.0.0.1",
    "user_agent": "Mozilla/5.0 (Windows NT 10.0; Win64; x64) AppleWebKit/537.36 (KHTML, like Gecko) Chrome/144.0.0.0 Safari/537.36",
    "created_at": "2026-02-08T02:22:25.034Z"
  }
},
{
  "model": "accounts.profileauditlog",
  "pk": 3,
  "fields": {
    "user": 1,
    "action": "update_personal",
    "field_changed": "phone",
    "old_value": "+34649586937",
    "new_value": "+34649586937",
    "ip_address": "127.0.0.1",
    "user_agent": "Mozilla/5.0 (Windows NT 10.0; Win64; x64) AppleWebKit/537.36 (KHTML, like Gecko) Chrome/144.0.0.0 Safari/537.36",
    "created_at": "2026-02-08T02:22:25.037Z"
  }
},
{
  "model": "accounts.profileauditlog",
  "pk": 4,
  "fields": {
    "user": 1,
    "action": "update_personal",
    "field_changed": "last_name",
    "old_value": "Marfetan Morales",
    "new_value": "Marfetan Morales",
    "ip_address": "127.0.0.1",
    "user_agent": "Mozilla/5.0 (Windows NT 10.0; Win64; x64) AppleWebKit/537.36 (KHTML, like Gecko) Chrome/144.0.0.0 Safari/537.36",
    "created_at": "2026-02-08T02:22:43.883Z"
  }
},
{
  "model": "accounts.profileauditlog",
  "pk": 5,
  "fields": {
    "user": 1,
    "action": "enable_2fa",
    "field_changed": "two_factor_method",
    "old_value": "",
    "new_value": "totp",
    "ip_address": "127.0.0.1",
    "user_agent": "Mozilla/5.0 (Windows NT 10.0; Win64; x64) AppleWebKit/537.36 (KHTML, like Gecko) Chrome/144.0.0.0 Safari/537.36",
    "created_at": "2026-02-08T02:33:05.662Z"
  }
},
{
  "model": "accounts.profileauditlog",
  "pk": 6,
  "fields": {
    "user": 1,
    "action": "avatar_upload",
    "field_changed": "avatar",
    "old_value": "Vladimir 2026.jpeg",
    "new_value": "",
    "ip_address": "127.0.0.1",
    "user_agent": "Mozilla/5.0 (Windows NT 10.0; Win64; x64) AppleWebKit/537.36 (KHTML, like Gecko) Chrome/144.0.0.0 Safari/537.36",
    "created_at": "2026-02-08T02:54:53.239Z"
  }
},
{
  "model": "accounts.profileauditlog",
  "pk": 7,
  "fields": {
    "user": 1,
    "action": "update_complete_profile",
    "field_changed": "multiple",
    "old_value": "",
    "new_value": "",
    "ip_address": "127.0.0.1",
    "user_agent": "Mozilla/5.0 (Windows NT 10.0; Win64; x64) AppleWebKit/537.36 (KHTML, like Gecko) Chrome/144.0.0.0 Safari/537.36",
    "created_at": "2026-02-15T19:33:45.624Z"
  }
},
{
  "model": "accounts.profileauditlog",
  "pk": 8,
  "fields": {
    "user": 1,
    "action": "update_complete_profile",
    "field_changed": "multiple",
    "old_value": "",
    "new_value": "",
    "ip_address": "127.0.0.1",
    "user_agent": "Mozilla/5.0 (Windows NT 10.0; Win64; x64) AppleWebKit/537.36 (KHTML, like Gecko) Chrome/144.0.0.0 Safari/537.36",
    "created_at": "2026-02-15T19:33:47.991Z"
  }
},
{
  "model": "accounts.profileauditlog",
  "pk": 9,
  "fields": {
    "user": 1,
    "action": "update_complete_profile",
    "field_changed": "multiple",
    "old_value": "",
    "new_value": "",
    "ip_address": "127.0.0.1",
    "user_agent": "Mozilla/5.0 (Windows NT 10.0; Win64; x64) AppleWebKit/537.36 (KHTML, like Gecko) Chrome/144.0.0.0 Safari/537.36",
    "created_at": "2026-02-15T19:34:18.537Z"
  }
},
{
  "model": "accounts.profileauditlog",
  "pk": 10,
  "fields": {
    "user": 1,
    "action": "update_complete_profile",
    "field_changed": "multiple",
    "old_value": "",
    "new_value": "",
    "ip_address": "127.0.0.1",
    "user_agent": "Mozilla/5.0 (Windows NT 10.0; Win64; x64) AppleWebKit/537.36 (KHTML, like Gecko) Chrome/144.0.0.0 Safari/537.36",
    "created_at": "2026-02-16T11:41:33.013Z"
  }
},
{
  "model": "accounts.profileauditlog",
  "pk": 11,
  "fields": {
    "user": 1,
    "action": "update_complete_profile",
    "field_changed": "multiple",
    "old_value": "",
    "new_value": "",
    "ip_address": "127.0.0.1",
    "user_agent": "Mozilla/5.0 (Windows NT 10.0; Win64; x64) AppleWebKit/537.36 (KHTML, like Gecko) Chrome/144.0.0.0 Safari/537.36",
    "created_at": "2026-02-16T11:42:01.620Z"
  }
},
{
  "model": "accounts.profileauditlog",
  "pk": 12,
  "fields": {
    "user": 1,
    "action": "update_complete_profile",
    "field_changed": "multiple",
    "old_value": "",
    "new_value": "",
    "ip_address": "127.0.0.1",
    "user_agent": "Mozilla/5.0 (Windows NT 10.0; Win64; x64) AppleWebKit/537.36 (KHTML, like Gecko) Chrome/144.0.0.0 Safari/537.36",
    "created_at": "2026-02-16T11:43:07.851Z"
  }
},
{
  "model": "accounts.profileauditlog",
  "pk": 13,
  "fields": {
    "user": 1,
    "action": "update_complete_profile",
    "field_changed": "multiple",
    "old_value": "",
    "new_value": "",
    "ip_address": "127.0.0.1",
    "user_agent": "Mozilla/5.0 (Windows NT 10.0; Win64; x64) AppleWebKit/537.36 (KHTML, like Gecko) Chrome/144.0.0.0 Safari/537.36",
    "created_at": "2026-02-16T11:44:11.120Z"
  }
}
]
